Sample,Raw Reads,On-Target Reads,%On-Target,%GT,IFI,103234_118;NC_034184.1;55610438,107334_110;NC_034185.1;13956569,117130_51;NC_034186.1;29361000,136503_8;NC_034188.1;28830408,137939_42;NC_034188.1;36462883,140532_44;NC_034188.1;52464405,14483_110;NC_034175.1;41497136,147031_22;NC_034189.1;673559,147915_13;NC_034190.1;14187958,153493_83;NC_034190.1;47685509,160234_84;NC_034191.1;24621627,161293_84;NC_034191.1;31137439,161470_17;NC_034191.1;32109251,164276_35;NC_034191.1;47483355,168197_17;NC_034192.1;16324009,178058_44;NC_034193.1;31044258,179065_119;NC_034193.1;36697549,179219_98;NC_034193.1;37575139,179317_79;NC_034193.1;38108316,190783_5;NC_034195.1;43850595,193495_25;NC_034196.1;13597314,19393_32;NC_034175.1;9456122,196469_17;NC_034196.1;33050498,197161_111;NC_034196.1;3650856,199109_99;NC_034197.1;11456402,207278_65;NC_034198.1;2622771,220396_61;NC_034200.1;7491006,223831_7;NC_034201.1;28053591,226053_131;NC_034201.1;40164032,236383_82;NC_034203.1;24394589,236803_15;NC_034203.1;26524659,239105_16;NC_034203.1;4969497,242926_108;NW_018086987.1;710990,261180_45;NW_018089977.1;322919,271456_42;NW_018091020.1;79916,281460_100;NW_018093007.1;48639,289388_86;NW_018101649.1;693,33366_37;NC_034177.1;31079376,3445_63;NC_034174.1;29841103,359340_16;NC_034194.1;11907972,397081_82;NW_018093544.1;49825,39959_91;NC_034177.1;67406277,41428_12;NC_034177.1;7674511,43503_76;NC_034178.1;17963349,81391_14;NC_034182.1;12064378,88069_128;NC_034183.1;21308672,94079_25;NC_034183.1;57259336
i036_A01_1_M001,41436,7133,17.21,74.47,2.23,AA,0,CC,CC,GG,AA,AA,0,GG,CC,0,CC,AA,0,CC,0,0,GA,AA,CC,GG,0,CC,GG,CC,0,0,GG,GG,TC,GG,0,0,GG,CC,CC,TT,TT,CC,GG,TT,CC,CC,GG,GG,CC,0
i036_A02_1_M009,36858,6102,16.56,65.96,2.03,AA,0,CC,CC,GG,0,AA,0,GG,CC,0,CC,AA,0,CC,0,0,GG,AA,CC,GG,0,CG,GG,CC,0,0,GG,GG,TT,GG,0,0,0,CC,0,TT,TT,CC,GG,TT,CC,CC,GG,GG,0,0
i036_A03_1_M017,36111,6028,16.69,68.09,2.15,AA,0,CC,CC,GG,0,AA,0,GG,CC,0,CC,AA,0,CC,0,0,GA,AA,CC,GG,0,CG,GG,CC,0,0,GG,GA,TC,GG,0,0,0,CC,CC,TT,TT,CC,GG,TT,CC,CC,GG,GG,0,0
i036_A04_1_M025,49202,7824,15.9,68.09,1.68,AT,0,CC,CT,GG,0,AA,0,GG,CC,0,CC,AA,0,0,0,0,GG,AA,CC,GG,0,CG,GG,CC,0,0,GA,GA,TC,GG,0,0,0,CC,CC,TT,TT,CC,GG,TT,CC,CC,GG,GC,CC,0
i036_A05_1_M033,38017,5336,14.04,61.7,2.28,AA,0,CC,CT,GG,AA,0,0,GG,CC,0,CC,AA,0,0,0,0,GA,AA,CC,GG,0,0,GG,CC,0,0,GA,0,0,GG,0,0,0,CC,CC,TT,TT,CC,GG,TT,CC,CC,GG,GC,CC,0
i036_A06_1_M041,33750,5066,15.01,55.32,2.72,AA,0,CC,CC,0,0,0,0,GG,CC,0,CC,AA,0,0,0,0,0,AA,CC,GG,0,CG,0,CC,0,0,0,GA,0,GG,0,0,0,CC,CC,TT,TT,CC,GG,TT,CC,CC,GG,GG,CC,0
i036_A07_1_F001,42413,6667,15.72,72.34,2.32,AA,0,CC,CT,GG,AA,AA,0,GG,CC,0,CC,AA,0,0,0,0,GG,AA,CC,GG,0,CC,GG,CC,0,0,GG,GA,TC,GG,0,0,GG,CC,CC,TT,TT,CC,GG,TT,CC,CC,GG,GG,CC,0
i036_A08_1_F009,27942,4020,14.39,29.79,2.58,0,0,CC,0,0,AA,0,0,0,0,0,CC,0,0,0,0,0,GG,AA,0,0,0,0,0,0,0,0,0,0,0,0,0,0,GG,0,CC,TT,TT,CC,GG,TT,0,0,GG,GC,0,0
i036_A09_1_F017,40650,6131,15.08,68.09,2.33,AA,0,CC,CC,GG,0,AA,0,GG,CC,0,CC,AA,0,CC,0,0,GG,AA,CC,GG,0,CG,GG,CC,0,0,0,GA,TC,GG,0,0,0,CC,CC,TT,TT,CC,GG,TT,CC,CC,GG,GG,CC,0
i036_A10_1_F025,28615,4371,15.28,55.32,2.18,0,0,CC,CC,GG,AA,0,0,GG,CC,0,CC,AA,0,0,0,0,GG,AA,0,0,0,CC,GG,CC,0,0,0,0,0,0,0,0,GG,CC,CC,TT,TT,CC,GG,TT,CC,CC,GG,GG,CC,0
i036_A11_1_F033,35095,5561,15.85,63.83,2.34,0,0,CC,CC,GG,0,AA,0,GG,CC,0,CC,AA,0,CC,0,0,GG,AA,CC,GA,0,CC,GG,0,0,0,0,GG,TT,GG,0,0,GG,CC,CC,TT,TT,CC,GG,TT,CC,CC,GG,0,CC,0
i036_A12_1_F041,42623,7791,18.28,72.34,1.97,AT,0,CC,CC,GG,AA,AA,0,GG,CC,0,CC,AA,0,CC,0,0,GG,AA,CC,GG,0,CC,GG,CC,0,0,GA,GA,TC,GG,0,0,0,CC,CC,TT,TT,CC,GG,TT,CC,CC,GG,GG,CC,0
i036_B01_1_M002,51821,10883,21,76.6,1.89,AA,0,CC,CC,GG,0,AA,0,GA,CC,0,CC,AA,0,CC,AA,0,GA,AA,CC,GG,0,CG,GG,CC,GG,0,GG,GG,TC,GG,0,0,GG,CC,CC,TT,TT,CC,GG,TT,CC,CC,GG,GG,CC,0
i036_B02_1_M010,172,32,18.6,2.13,0,0,0,0,0,0,0,0,0,0,0,0,0,0,0,0,0,0,0,0,0,0,0,0,0,0,0,0,0,0,0,0,0,0,0,0,0,TT,0,0,0,0,0,0,0,0,0,0
i036_B03_1_M018,48741,9413,19.31,78.72,1.94,AT,0,CC,CC,GG,AA,AA,0,GG,CC,0,CC,AA,0,CC,AA,0,GG,AA,CC,GG,0,CG,GG,CC,GG,0,GG,GA,TT,GG,0,0,GG,CC,CC,TT,TA,CC,GG,TT,CC,CC,GG,GG,CC,0
i036_B04_1_M026,46751,8263,17.67,70.21,2.14,AT,0,CC,CT,GG,0,AA,0,GG,CC,0,CC,AA,0,CC,AA,0,GG,AA,CC,GG,0,0,GG,CC,0,0,GG,GG,TT,GG,0,0,0,CC,CC,TT,TT,CC,GG,TT,CC,CC,GG,GG,CC,0
i036_B05_1_M034,40480,7260,17.93,72.34,1.73,AA,0,CC,CC,GC,0,AA,0,GA,CC,0,CC,AA,0,CC,AA,0,GG,AA,CC,GA,0,CC,GG,CC,GG,0,GG,GG,CC,GG,0,0,0,CC,CC,TT,TT,CC,GG,TT,CC,CC,0,GG,CC,0
i036_B06_1_M042,29453,4361,14.81,48.94,1.76,0,0,CC,0,GG,AA,0,0,GG,CC,0,CC,AA,0,0,AA,0,GG,AA,0,GG,0,0,0,CC,0,0,0,0,0,GG,0,0,0,CC,CC,TT,TT,CC,GG,TT,CC,0,GG,GG,0,0
i036_B07_1_F002,38883,7169,18.44,76.6,1.72,AA,0,CC,CC,GG,AA,AA,0,GG,CC,0,CC,AA,0,CC,AA,0,GG,AA,CC,GG,0,CC,GG,CC,0,0,GG,GA,TC,GG,0,0,GG,CC,CC,TT,TT,CC,GG,TT,CC,CC,GG,GG,CC,0
i036_B08_1_F010,39091,8003,20.47,70.21,2.39,AT,0,CC,CT,GG,0,AA,0,GG,CC,0,CC,AA,0,CC,AA,0,GG,AA,CC,GG,0,CC,GG,CC,0,0,0,GG,TC,GG,0,0,0,CC,CC,TT,TT,CC,GG,TT,CC,CC,GG,GG,CC,0
i036_B09_1_F018,47121,9511,20.18,78.72,1.68,AT,0,CC,CC,GG,AA,AA,0,GG,CC,0,CC,AA,0,CC,AA,0,GA,AA,CC,AA,0,CC,GG,CC,GG,0,GA,GG,TC,GG,0,0,GG,CC,CC,TT,TT,CC,GG,TC,CC,CC,GG,GG,CC,0
i036_B10_1_F026,40301,7467,18.53,74.47,2.12,AT,0,CC,CC,GG,AA,AA,0,GG,CC,0,CC,AA,0,CC,AA,0,GG,AA,CC,GG,0,CC,GG,CC,0,0,GA,GG,TC,GG,0,0,0,CC,CC,TT,TT,CC,GG,TT,CC,CC,GG,GG,CC,0
i036_B11_1_F034,34598,5298,15.31,61.7,2.48,AT,0,CC,CC,GG,AA,AA,0,GG,CC,0,CC,0,0,CC,0,0,GG,AA,CC,GG,0,CG,0,CC,0,0,0,0,CC,GG,0,0,0,CC,CC,TT,TT,CC,GG,TT,CC,CC,0,GG,CC,0
i036_B12_1_F042,44200,9579,21.67,78.72,1.46,AA,0,CC,CT,GG,AA,AA,0,GG,CC,0,CC,AA,0,CC,AA,0,GG,AA,CC,GG,0,CG,GG,CC,GG,0,GG,GA,TT,GG,0,0,GG,CC,CC,TT,TT,CC,GG,TT,CC,CC,GG,GG,CC,0
i036_C01_1_M003,57362,11780,20.54,78.72,1.49,AA,0,CC,CC,GG,AA,AA,0,GA,CC,0,CC,AA,0,CC,AA,0,GG,AA,CC,GG,0,CC,GG,CC,GG,0,GG,GG,TT,GG,0,0,GG,CC,CC,TT,TT,CC,GG,TT,CC,CC,GG,GG,GC,0
i036_C02_1_M011,46430,7904,17.02,76.6,2.06,AA,0,CC,CC,GG,AA,AA,0,GG,CC,0,CC,AA,0,CC,AA,0,GG,AA,CC,GG,0,CG,GG,CC,GG,0,GG,GA,TC,GG,0,0,0,CC,CC,TT,TT,CC,GG,TT,CC,CC,GG,GC,CC,0
i036_C03_1_M019,56285,11320,20.11,74.47,1.82,AT,0,CC,CC,GG,0,AA,0,GG,CC,0,CC,AA,0,CC,AA,0,GG,AA,CC,GG,0,CG,GG,CC,GG,0,GG,GG,TT,GG,0,0,0,CC,CC,TT,TT,CC,GG,TT,CC,CC,GG,GG,CC,0
i036_C04_1_M027,52372,10585,20.21,74.47,2.39,AA,0,CC,CC,GG,0,AA,0,GG,CC,0,CC,AA,0,CC,AA,0,GG,AA,CC,GG,0,CC,GG,CC,GG,0,GG,GG,TT,GG,0,0,0,CC,CC,TT,TT,CC,GG,TT,CC,CC,GG,GG,CC,0
i036_C05_1_M035,58807,11115,18.9,72.34,2.06,AT,0,CC,CC,GG,0,AA,0,GG,CC,0,CC,AA,0,CC,AA,0,GG,AA,CC,GA,0,CC,GG,CC,GG,0,AA,GG,TT,GG,0,0,0,CC,0,TT,TT,CC,GG,TT,CC,CC,GG,GG,CC,0
i036_C06_1_M043,44929,8042,17.9,74.47,1.79,AA,0,CC,CT,GG,0,AA,0,GA,CC,0,CC,AA,0,CC,AA,0,GG,AA,CC,GG,0,CC,GG,CT,GG,0,GG,0,TT,GG,0,0,GG,CC,CC,TT,TT,CC,GG,TT,CC,CC,GG,GG,CC,0
i036_C07_1_F003,55486,11659,21.01,74.47,1.88,AT,0,CC,CC,GG,0,AA,0,GG,CC,0,CC,AA,0,CC,AA,0,GG,AA,CC,GG,0,CG,GG,CC,GG,0,GA,GA,TT,GG,0,0,0,CC,CC,TT,TT,CC,GG,TT,CC,CG,GG,GG,CC,0
i036_C08_1_F011,66388,13478,20.3,76.6,2.05,AA,0,CC,CC,GG,AA,AA,0,GG,CC,0,CC,AA,0,CC,AA,0,GA,AA,CC,GG,0,CG,GA,CC,GG,0,GA,GG,TC,GG,0,0,GG,CC,0,TT,TT,CC,GG,TT,CC,CC,GG,GG,CC,0
i036_C09_1_F019,43224,7055,16.32,65.96,2.05,AA,0,CC,CC,GG,0,AA,0,GA,CC,0,CC,AA,0,CC,0,0,GG,AA,CC,GG,0,CC,GG,CC,0,0,GA,GG,0,GG,0,0,0,CC,0,TT,TT,CC,GG,TC,CC,CC,GG,GC,CC,0
i036_C10_1_F027,49471,8791,17.77,72.34,1.84,AA,0,CC,CC,GG,AA,AA,0,GG,CC,0,CC,AA,0,CC,AA,0,GA,AA,CC,GA,0,0,GG,CC,0,0,GA,GG,TT,GG,0,0,0,CC,CC,TT,TT,CC,GG,TT,CC,CC,GG,GC,CC,0
i036_C11_1_F035,56369,10386,18.43,74.47,1.32,AA,0,CC,CC,GG,AA,AA,0,GG,CC,0,CC,AA,0,CC,0,0,GG,AA,CC,GG,0,CG,GG,CC,GG,0,GA,GG,TT,GG,0,0,0,CC,CC,TT,TT,CC,GG,TT,CC,CC,GG,GG,CC,0
i036_C12_1_F043,59687,11341,19,74.47,2.11,AA,0,CC,CC,GG,AA,AA,0,GG,CC,0,CC,AA,0,CC,AA,0,GG,AA,CC,GG,0,0,GG,CC,GG,0,GG,GA,TC,GG,0,0,0,CC,CC,TT,TT,CC,GG,TT,CC,CC,GG,CC,CC,0
i036_D01_1_M004,62988,13461,21.37,78.72,1.15,AA,0,CC,CC,GG,AA,AA,0,GG,CC,0,CC,AA,0,CC,AA,0,GG,AA,CC,GG,0,CC,GG,CC,GG,0,AA,GG,TT,GG,0,0,GG,CC,CC,TT,TT,CC,GG,TT,CC,CC,GG,GG,CC,0
i036_D02_1_M012,43365,7944,18.32,76.6,2.12,AA,0,CC,CC,GG,AA,AA,0,GG,CC,0,CC,AA,0,CC,AA,0,GA,AA,CC,GG,0,CC,GG,CC,0,0,GG,GG,TC,GG,0,0,GG,CC,CC,TT,TT,CC,GG,TT,CC,CC,GG,GG,CC,0
i036_D03_1_M020,50716,9933,19.59,72.34,2.47,AA,0,CC,CC,GG,0,AA,0,GG,CC,0,CC,AA,0,CC,AA,0,GG,AA,CC,GG,0,CC,GG,CC,GG,0,GG,GA,TT,GG,0,0,0,CC,0,TT,TT,CC,GG,TC,CC,CC,GG,GG,CC,0
i036_D04_1_M028,51995,8393,16.14,72.34,1.79,AA,0,CC,CT,GG,0,AA,0,GG,CC,0,CC,AA,0,0,AA,0,GG,AA,CC,GG,0,CG,GG,CC,0,0,GA,GG,TT,GG,0,0,GG,CC,CC,TT,TT,CC,GG,TT,CC,CC,GG,GG,CC,0
i036_D05_1_M036,38315,6030,15.74,70.21,2.13,AA,0,CC,CC,GG,AA,AA,0,GG,CC,0,CC,AA,0,0,0,0,GG,AA,CC,GG,0,0,GG,CC,GG,0,GG,0,TT,GG,0,0,GG,CC,CC,TT,TT,CC,GG,TT,CC,CC,GG,GG,CC,0
i036_D06_1_M044,54866,11529,21.01,74.47,2.04,AT,0,CC,CC,GG,0,AA,0,GG,CC,0,CC,AA,0,CC,AA,0,GA,AA,CC,GG,0,CG,GG,CC,GG,0,GG,GG,TC,GG,0,0,0,CC,CC,TT,TT,CC,GG,TT,CC,CC,GG,GG,CC,0
i036_D07_1_F004,50812,10107,19.89,74.47,1.72,AA,0,CC,CC,GG,AA,AA,0,GG,CC,0,CC,AA,0,CC,AA,0,GA,AA,CC,GG,0,0,GG,CC,GG,0,GG,GG,TT,GG,0,0,GG,CC,CC,TT,TT,0,GG,TT,CC,CC,GG,GC,CC,0
i036_D08_1_F012,48951,10145,20.72,76.6,1.51,TT,0,CC,CC,GG,0,AA,0,GG,CC,0,CC,AA,0,CC,AA,0,GG,AA,CC,GG,0,CG,GG,CC,GG,0,GA,GG,TT,GG,0,0,GG,CC,CC,TT,TT,CC,GG,TT,CC,CC,GG,GC,CC,0
i036_D09_1_F020,47627,9263,19.45,74.47,2.32,AT,0,CC,CC,GG,0,AA,0,GG,CC,0,CC,AA,0,CC,AA,0,GA,AA,CC,GG,0,CC,GG,CC,GG,0,GA,GA,TC,GG,0,0,0,CC,CC,TT,TT,CC,GG,TT,CC,CC,GG,GG,CC,0
i036_D10_1_F028,43512,8183,18.81,72.34,1.74,AA,0,CC,CC,GG,0,AA,0,GG,CC,0,CC,AA,0,CC,AA,0,GA,AA,CC,GA,0,CC,GG,CC,GG,0,0,GG,TT,GG,0,0,GG,CC,CC,TT,TT,CC,GG,TT,CC,CC,0,GG,CC,0
i036_D11_1_F036,48359,9427,19.49,78.72,1.45,AA,0,CC,CC,GG,AA,AA,0,GA,CC,0,CC,AA,0,CC,AA,0,GG,AA,CC,GG,0,CC,GG,CC,GG,0,GG,GG,TT,GG,0,0,GG,CC,CC,TT,TT,CC,GG,TT,CC,CC,GG,GG,CC,0
i036_D12_1_F044,16381,1650,10.07,17.02,1.56,0,0,CC,0,0,AA,0,0,0,0,0,CC,0,0,0,0,0,0,AA,0,0,0,0,0,0,0,0,0,0,0,0,0,0,GG,0,CC,TT,0,0,GG,0,0,0,0,0,0,0
i036_E01_1_M005,57926,11271,19.46,72.34,1.93,TT,0,CC,CC,GG,0,AA,0,GA,CC,0,CC,AA,0,CC,AA,0,GG,AA,CC,GG,0,0,GG,CC,GG,0,GA,GA,TC,GG,0,0,0,CC,CC,TT,TT,CC,GG,TT,CC,CC,GG,GC,CC,0
i036_E02_1_M013,46670,8405,18.01,72.34,1.96,AA,0,CC,CC,GG,0,AA,0,GG,CC,0,CC,AA,0,CC,AA,0,GG,AA,CC,GG,0,CC,GG,CC,0,0,GG,GG,TC,GG,0,0,0,CC,CC,TT,TT,CC,GG,TT,CC,CC,GG,GC,CC,0
i036_E03_1_M021,54056,8944,16.55,72.34,1.61,AA,0,CC,CC,GG,0,AA,0,GG,CC,0,CC,AA,0,CC,AA,0,GG,AA,CC,GG,0,CC,GG,CC,0,0,GA,GG,CC,GG,0,0,0,CC,CC,TT,TT,CC,GG,TT,CC,CC,GG,GG,CC,0
i036_E04_1_M029,42560,6716,15.78,72.34,2.4,0,0,CC,CC,GG,AA,AA,0,GG,CC,0,CC,AA,0,CC,0,0,GG,AA,CC,GG,0,CG,GG,CC,0,0,GA,GA,TT,GG,0,0,GG,CC,CC,TT,TT,CC,GG,TT,CC,CC,GG,GG,CC,0
i036_E05_1_M037,56645,11675,20.61,76.6,1.76,AA,0,CC,CT,GG,AA,AA,0,GA,CC,0,CC,AA,0,CC,AA,0,GG,AA,CC,GA,0,CC,GG,CC,GG,0,GA,GA,TT,GG,0,0,0,CC,CC,TT,TT,CC,GG,TT,CC,CC,GG,GG,CC,0
i036_E06_1_M045,48432,8188,16.91,76.6,1.49,AA,0,CC,CC,GG,AA,AA,0,0,CC,0,CC,AA,0,CC,AA,0,GG,AA,CC,GG,0,CC,GG,CC,GG,0,GG,GA,TC,GG,0,0,GG,CC,CC,TT,TT,CC,GG,TT,CC,CC,GG,GG,CC,0
i036_E07_1_F005,52672,10181,19.33,76.6,1.67,AA,0,CC,CC,GG,AA,AA,0,GA,CC,0,CC,AA,0,CC,AA,0,GG,AA,CC,GG,0,CC,GG,CC,0,0,GG,GG,TT,GG,0,0,GG,CC,CC,TT,TT,CC,GG,TT,CC,CC,GG,GG,CC,0
i036_E08_1_F013,42030,8224,19.57,72.34,2.08,AT,0,CC,CC,GG,0,AA,0,GG,CC,0,CC,AA,0,CC,AA,0,GG,AA,CC,GG,0,CG,GG,CC,GG,0,GG,0,0,GG,0,0,GG,CC,CC,TT,TT,CC,GG,TT,CC,CC,GG,GG,CC,0
i036_E09_1_F021,38247,7374,19.28,74.47,1.65,AA,0,CC,CC,GG,AA,AA,0,GG,CC,0,CC,AA,0,CC,AA,0,GA,AA,CC,GG,0,CC,GG,CT,0,0,GG,GG,TC,GG,0,0,0,CC,CC,TT,TT,CC,GG,TT,CC,CC,GG,GG,CC,0
i036_E10_1_F029,65364,13343,20.41,76.6,1.87,TT,0,CC,CT,GG,AG,AA,0,GA,CC,0,CC,AA,0,CC,AA,0,GA,AA,CC,GG,0,CG,GG,CC,GG,0,GA,GG,TT,GG,0,0,0,CC,CC,TT,TT,CC,GG,TT,CC,CC,GG,GG,CC,0
i036_E11_1_F037,45486,8647,19.01,78.72,1.54,AT,0,CC,CC,GG,AA,AA,0,GG,CC,0,CC,AA,0,CC,AA,0,GG,AA,CC,GG,0,CC,GG,CC,GG,0,GG,AA,TC,GG,0,0,GG,CC,CC,TT,TT,CC,GG,TT,CC,CC,GG,GG,CC,0
i036_E12_1_F045,53647,10199,19.01,76.6,1.82,AA,0,CC,CT,GG,AA,AA,0,GG,CC,0,CC,AA,0,CC,AA,0,GG,AA,CC,GG,0,CG,GG,CT,GG,0,GG,GG,TT,GG,0,0,0,CC,CC,TT,TT,CC,GG,TT,CC,CC,GG,GG,CC,0
i036_F01_1_M006,58158,12622,21.7,78.72,1.36,AA,0,CC,CC,GG,AA,AA,0,GG,CC,0,CC,AA,0,CC,AA,0,GA,AA,CC,GG,0,CC,GG,CC,GG,0,GG,GG,TC,GG,0,0,GG,CC,CC,TT,TT,CC,GG,TT,CC,CC,GG,GG,CC,0
i036_F02_1_M014,53810,10777,20.03,74.47,2.01,AT,0,CC,CT,GG,AA,AA,0,GA,CC,0,CC,AA,0,CC,AA,0,GG,AA,CC,GA,0,0,GG,CC,GG,0,GA,GG,TT,GG,0,0,0,CC,CC,TT,TT,CC,GG,TT,CC,CC,GG,GG,CC,0
i036_F03_1_M022,48477,9309,19.2,74.47,1.82,AA,0,CC,CC,GG,0,AA,0,GA,CC,0,CC,AA,0,CC,AA,0,GG,AA,CC,GG,0,CC,GG,CC,0,0,GG,GA,TT,GG,0,0,GG,CC,CC,TT,TT,CC,GG,TT,CC,CC,GG,GG,CC,0
i036_F04_1_M030,50863,10126,19.91,78.72,2.06,AA,0,CC,CC,GG,AA,AA,0,GG,CC,0,CC,AA,0,CC,AA,0,GA,AA,CC,GA,0,CC,GG,CC,GG,0,GG,GG,TT,GG,0,0,GG,CC,CC,TT,TT,CC,GG,TT,CC,CC,GG,GG,CC,0
i036_F05_1_M038,51642,9687,18.76,72.34,1.73,AT,0,CC,CC,GG,0,AA,0,GG,CC,0,CC,AA,0,CC,AA,0,GG,AA,CC,GG,0,CC,GG,CC,GG,0,GG,GG,TT,GG,0,0,0,CC,CC,TT,TT,CC,GG,TT,CC,CC,0,GG,CC,0
i036_F06_1_M046,49189,9407,19.12,76.6,1.68,AA,0,CC,CC,GG,AA,AA,0,GG,CC,0,CC,AA,0,CC,AA,0,GG,AA,CC,GG,0,CG,GG,CC,GG,0,GG,GA,TT,GG,0,0,0,CC,CC,TT,TT,CC,GG,TT,CC,CC,GG,GG,CC,0
i036_F07_1_F006,51145,8587,16.79,74.47,2.11,TT,0,CC,CC,GG,0,AA,0,GG,CC,0,CC,AA,0,CC,AA,0,GG,AA,CC,GG,0,CC,GG,CC,0,0,GA,GA,TC,GG,0,0,GG,CC,CC,TT,TT,CC,GG,TT,CC,CC,GG,GG,CC,0
i036_F08_1_F014,61512,11921,19.38,76.6,1.77,AA,0,CC,CC,GG,AA,AA,0,GG,CC,0,CC,AA,0,CC,AA,0,GG,AA,CC,GA,0,CC,GG,CC,GG,0,0,AA,TC,GG,0,0,GG,CC,CC,TT,TT,CC,GG,TT,CC,CC,GG,GG,GC,0
i036_F09_1_F22,53140,10362,19.5,76.6,1.45,TT,0,CC,CC,GG,AA,AA,0,GG,CC,0,CC,AA,0,CC,AA,0,GG,AA,CC,GA,0,0,GG,CC,GG,0,GA,GG,TT,GG,0,0,GG,CC,CC,TT,TT,CC,GG,TT,CC,CC,GG,GG,CC,0
i036_F10_1_F030,44482,7772,17.47,72.34,1.56,AA,0,CC,CC,GG,0,AA,0,GG,CC,0,CC,AA,0,CC,AA,0,GG,AA,CC,GA,0,CC,GG,CT,0,0,GG,GA,CC,GG,0,0,0,CC,CC,TT,TT,CC,GG,TT,CC,CC,GG,GC,CC,0
i036_F11_1_F038,51542,9182,17.81,78.72,1.9,AT,0,CC,CC,GG,AA,AA,0,GA,CC,0,CC,AA,0,CC,AA,0,GG,AA,CC,GG,0,CC,GG,CC,GG,0,GA,GA,TC,GG,0,0,GG,CC,CC,TT,TA,CC,GG,TT,CC,CC,GG,GG,CC,0
i036_F12_1_F046,59592,12286,20.62,78.72,1.43,TT,0,CC,CC,GG,AA,AA,0,GG,CC,0,CC,AA,0,CC,AA,0,GA,AA,CC,GA,0,CC,GG,CC,GG,0,AA,GG,TT,GG,0,0,GG,CC,CC,TT,TT,CC,GG,TT,CC,CC,GG,GG,CC,0
i036_G01_1_M007,56310,11732,20.83,78.72,1.57,AA,0,CC,CC,GG,AA,AA,0,GG,CC,0,CC,AA,0,CC,AA,0,GG,AA,CC,GG,0,CC,GG,CC,GG,0,GA,GG,TC,GG,0,0,GG,CC,CC,TT,TT,CC,GG,TC,CC,CC,GG,GC,CC,0
i036_G02_1_M015,52475,10801,20.58,72.34,2.64,AA,0,CC,CC,GG,0,AA,0,GG,CC,0,CC,AA,0,CC,AA,0,GG,AA,CC,GG,0,CC,GG,CC,GG,0,GG,GA,TT,GG,0,0,0,CC,0,TT,TT,CC,GG,TT,CC,CC,GG,GG,CC,0
i036_G03_1_M023,57121,11400,19.96,74.47,2.35,AA,0,CC,CC,GG,0,AA,0,GG,CC,0,CC,AA,0,CC,AA,0,GG,AA,CC,GG,0,0,GG,CC,GG,0,GG,GA,TC,GG,0,0,GG,CC,CC,TT,TT,CC,GG,TT,CC,CC,GG,GG,CC,0
i036_G04_1_M031,51786,9233,17.83,70.21,1.94,AT,0,CC,0,GG,AA,AA,0,GG,CC,0,CC,AA,0,CC,AA,0,GG,AA,CC,GG,0,0,GG,CC,0,0,0,GG,TT,GG,0,0,GG,CC,CC,TT,TT,CC,GG,TT,CC,CC,GG,GG,CC,0
i036_G05_1_M039,42532,6959,16.36,70.21,2.24,AA,0,CC,CC,GG,0,AA,0,GG,CC,0,CC,AA,0,0,AA,0,GG,AA,CC,GG,0,CC,GG,CC,0,0,GG,GG,TC,GG,0,0,0,CC,CC,TT,TT,CC,GG,TT,CC,CC,GG,GG,CC,0
i036_G06_1_M047,42769,7284,17.03,70.21,2,AA,0,CC,CC,GG,0,AA,0,GG,CC,0,CC,AA,0,CC,AA,0,0,AA,CC,GA,0,CG,GG,CT,0,0,GA,GG,TT,GG,0,0,0,CC,CC,TT,TT,CC,GG,TT,CC,CC,GG,GG,CC,0
i036_G07_1_F007,56154,12194,21.72,78.72,1.38,AA,0,CC,CC,GG,AA,AA,0,GG,CC,0,CC,AA,0,CC,AA,0,GA,AA,CC,GG,0,CC,GG,CC,GG,0,AA,GG,TT,GG,0,0,GG,CC,CC,TT,TT,CC,GG,TT,CC,CC,GG,GG,CC,0
i036_G08_1_F015,59121,12215,20.66,74.47,2.2,AA,0,CC,CT,GG,0,AA,0,GG,CC,0,CC,AA,0,CC,AA,0,GG,AA,CC,GG,0,CG,GG,CT,GG,0,GA,GG,CC,GG,0,0,0,CC,CC,TT,TT,CC,GG,TT,CC,CC,GG,GG,CC,0
i036_G09_1_F023,56172,11656,20.75,74.47,1.95,AT,0,CC,CT,GG,0,AA,0,GG,CC,0,CC,AA,0,CC,AA,0,GG,AA,CC,GG,0,CG,GG,CC,GG,0,GG,GA,TT,GG,0,0,0,CC,CC,TT,TT,CC,GG,TT,CC,CC,GG,GG,CC,0
i036_G10_1_F031,55055,11087,20.14,65.96,1.79,AT,0,CC,CC,GG,AA,AA,0,0,CC,0,CC,AA,0,CC,AA,0,GG,AA,CC,GG,0,0,GG,CC,GG,0,0,0,0,GG,0,0,0,CC,CC,TT,TT,CC,GG,TT,CC,CC,GG,GG,CC,0
i036_G11_1_F039,50187,9190,18.31,76.6,1.9,AT,0,CC,CC,GG,0,AA,0,GG,CC,0,CC,AA,0,CC,AA,0,GG,AA,CC,GG,0,CG,GG,CC,GG,0,GG,GA,TC,GG,0,0,GG,CC,CC,TT,TT,CC,GG,TT,CC,CC,GG,GG,CC,0
i036_G12_1_F047,58433,11919,20.4,72.34,2.19,AA,0,CC,CT,GG,0,AA,0,GA,CC,0,CC,AA,0,0,AA,0,GG,AA,CC,GG,0,CC,GG,CC,GG,0,0,GA,TC,GG,0,0,GG,CC,CC,TT,TT,CC,GG,TT,CC,CC,GG,GC,CC,0
i036_H01_1_M008,79313,17801,22.44,76.6,2.27,AT,0,CC,CT,GG,0,AA,0,GG,CC,0,CC,AA,0,CC,AA,0,GG,AA,CC,GG,0,CC,GG,CC,GG,0,GA,GG,TC,GG,0,0,GG,CC,CC,TT,TT,CC,GG,TT,CC,CC,GG,GG,CC,0
i036_H02_1_M016,61700,12923,20.94,76.6,1.73,AT,0,CC,CC,GG,0,AA,0,GG,CC,0,CC,AA,0,CC,AA,0,GG,AA,CC,GG,0,CC,GG,CC,GG,0,AA,GG,TT,GG,0,0,GG,CC,CC,TT,TT,CC,GG,TT,CC,CC,GG,GC,CC,0
i036_H03_1_M024,56819,11820,20.8,78.72,1.52,AA,0,CC,CC,GG,AA,AA,0,GG,CC,0,CC,AA,0,CC,AA,0,GA,AA,CC,GG,0,CC,GG,CC,GG,0,GA,GG,TC,GG,0,0,GG,CC,CC,TT,TT,CC,GG,TT,CC,CC,GG,GG,CC,0
i036_H04_1_M032,63841,13705,21.47,78.72,1.83,AA,0,CC,CC,GG,AA,AA,0,GG,CC,0,CC,AA,0,CC,AA,0,GG,AA,CC,GG,0,CC,GG,CC,GG,0,GA,GG,TT,GG,0,0,GG,CC,CC,TT,TT,CC,GG,TT,CC,CC,GG,GG,CC,0
i036_H05_1_M040,58573,12872,21.98,72.34,2.48,AT,0,CC,CC,GG,0,AA,0,GG,CC,0,CC,AA,0,CC,AA,0,GG,AA,CC,GG,0,0,GG,CC,GG,0,GA,GA,TT,GG,0,0,0,CC,CC,TT,TT,CC,GG,TT,CC,CC,GG,GG,CC,0
i036_H06_1_M048,50285,9242,18.38,72.34,1.88,AA,0,CC,CC,GG,0,AA,0,GA,CC,0,CC,AA,0,CC,0,0,GG,AA,CC,GG,0,CC,GG,CC,GG,0,GA,AA,TC,GG,0,0,0,CC,CC,TT,TA,CC,GG,TT,CC,CG,GG,GG,CC,0
i036_H07_1_F008,49448,9639,19.49,74.47,2.08,AA,0,CC,CC,GG,AA,AA,0,GG,CC,0,CC,AA,0,CC,AA,0,GG,AA,CC,GG,0,CC,GG,CC,0,0,GA,GG,0,GG,0,0,GG,CC,CC,TT,TT,CC,GG,TT,CC,CC,GG,GG,CC,0
i036_H08_1_F016,17892,1791,10.01,12.77,1.3,0,0,CC,0,0,AA,0,0,0,0,0,0,0,0,0,0,0,0,AA,0,0,0,0,0,0,0,0,0,0,0,0,0,0,GG,0,0,TT,0,0,GG,0,0,0,0,0,0,0
i036_H09_1_F024,65760,15856,24.11,74.47,2.34,AA,0,CC,CC,GG,0,AA,0,GG,CC,0,CC,AA,0,CC,AA,0,GG,AA,CC,GG,0,0,GG,CC,GG,0,GA,GG,TC,GG,0,0,GG,CC,CC,TT,TT,CC,GG,TT,CC,CC,GG,GG,CC,0
i036_H10_1_F032,52070,11254,21.61,78.72,1.61,AA,0,CC,CC,GG,AA,AA,0,GG,CC,0,CC,AA,0,CC,AA,0,GG,AA,CC,GG,0,CC,GG,CT,GG,0,GG,GG,TT,GG,0,0,GG,CC,CC,TT,TT,CC,GG,TT,CC,CC,GG,GG,CC,0
i036_H11_1_F040,57799,11504,19.9,72.34,2.24,AA,0,CC,CC,GG,0,AA,0,GG,CC,0,CC,AA,0,CC,AA,0,GG,AA,CC,GG,0,0,GG,CC,GG,0,GA,GG,TC,GG,0,0,GG,CC,0,TT,TT,CC,GG,TT,CC,CC,GG,GG,CC,0
i036_H12_1_F048,58877,12664,21.51,72.34,2.25,AA,0,CC,CC,GG,0,AA,0,GG,CC,0,CC,AA,0,CC,AA,0,GG,AA,CC,GG,0,CG,GG,CC,GG,0,GA,0,TT,GG,0,0,0,CC,CC,TT,TT,CC,GG,TT,CC,CC,GG,GG,CC,0
i037_A01_2_M049,35783,6857,19.16,72.34,1.68,AA,0,CC,CC,GG,AA,AA,0,GG,CC,0,CC,AA,0,0,AA,0,GG,AA,CC,GG,0,CC,GG,CT,0,0,GA,0,TT,GG,0,0,GG,CC,CC,TT,TT,CC,GG,TT,CC,CC,GG,GG,CC,0
i037_A02_2_M057,38722,7841,20.25,78.72,2.08,AA,0,CC,CC,GG,AA,AA,0,GA,CC,0,CC,AA,0,CC,AA,0,GG,AA,CC,GA,0,CC,GG,CC,GG,0,AA,GG,TT,GG,0,0,GG,CC,CC,TT,TT,CC,GG,TT,CC,CC,GG,GC,CC,0
i037_A03_2_M065,29286,5004,17.09,63.83,2.76,AA,0,CC,CC,GG,0,AA,0,0,CC,0,CC,AA,0,CC,AA,0,GG,AA,0,GG,0,CG,GG,CC,0,0,0,GG,0,GG,0,0,0,CC,CC,TT,TT,CC,GG,TT,CC,CC,GG,GG,CC,0
i037_A04_2_M073,39639,7558,19.07,74.47,2.02,AA,0,CC,CT,GG,0,AA,0,GG,CC,0,CC,AA,0,CC,AA,0,GA,AA,CC,GG,0,CC,GA,CC,GG,0,GA,GG,0,GG,0,0,GG,CC,CC,TT,TT,CC,GG,TT,CC,CC,GG,GG,CC,0
i037_A05_2_M081,29262,4467,15.27,55.32,1.91,0,0,CC,CC,GG,AA,AA,0,GG,CC,0,CC,AA,0,0,0,0,GG,AA,CC,GG,0,0,0,CC,0,0,0,0,0,GG,0,0,GG,CC,CC,TT,TT,CC,GG,0,CC,CC,0,GG,CC,0
i037_A06_2_M089,25339,3849,15.19,38.3,2.42,0,0,CC,0,0,AA,0,0,0,0,0,CC,AA,0,0,0,0,0,AA,0,GG,0,0,GG,CC,0,0,0,GG,0,0,0,0,GG,CC,CC,TT,TT,CC,GG,0,0,0,GG,GC,0,0
i037_A07_2_F049,38591,6958,18.03,74.47,1.65,AA,0,CC,CT,GG,AA,AA,0,GG,CC,0,CC,AA,0,0,AA,0,GG,AA,CC,GG,0,CG,GG,CC,0,0,AA,GG,TT,GG,0,0,GG,CC,CC,TT,TT,CC,GG,TT,CC,CC,GG,GG,CC,0
i037_A08_2_F057,41602,7928,19.06,76.6,1.69,AA,0,CC,CC,GG,AA,AA,0,GA,CC,0,CC,AA,0,CC,AA,0,GG,AA,CC,GG,0,CC,GG,CC,0,0,GG,GA,TC,GG,0,0,GG,CC,CC,TT,TT,CC,GG,TT,CC,CC,GG,GG,CC,0
i037_A09_2_F065,43837,8692,19.83,76.6,1.69,TT,0,CC,CC,GG,AA,AA,0,GG,CC,0,CC,AA,0,CC,AA,0,GG,AA,CC,GG,0,CC,GG,CC,GG,0,GA,GG,TC,GG,0,0,0,CC,CC,TT,TT,CC,GG,TT,CC,CC,GG,GG,CC,0
i037_A10_2_F073,39263,7921,20.17,74.47,1.46,AA,0,CC,CC,GG,AA,AA,0,GG,CC,0,CC,AA,0,CC,AA,0,GG,AA,CC,GG,0,CC,GG,CC,0,0,GA,GG,TC,GG,0,0,0,CC,CC,TT,TT,CC,GG,TT,CC,CC,GG,GG,CC,0
i037_A11_2_F081,47356,9163,19.35,78.72,1.79,AA,0,CC,CC,GG,AA,AA,0,GG,CC,0,CC,AA,0,CC,AA,0,GG,AA,CC,GG,0,CG,GG,CC,GG,0,AA,GA,TC,GG,0,0,GG,CC,CC,TT,TT,CC,GG,TT,CC,CC,GG,GG,CC,0
i037_A12_2_F089,54466,12036,22.1,72.34,2.47,AA,0,CC,CC,GG,0,AA,0,GG,CC,0,CC,AA,0,CC,AA,0,GA,AA,CC,GG,0,CG,GG,CC,GG,0,GG,GG,TC,GG,0,0,0,CC,0,TT,TT,CC,GG,TT,CC,CC,GG,GG,CC,0
i037_B01_2_M050,55161,10133,18.37,74.47,1.48,AA,0,CC,CC,GG,AA,AA,0,GG,CC,0,CC,AA,0,0,AA,0,GG,AA,CC,GG,0,CC,GG,CT,GG,0,GG,GG,0,GG,0,0,GG,CC,CC,TT,TT,CC,GG,TT,CC,CC,GG,GG,CC,0
i037_B02_2_M058,44339,8310,18.74,70.21,2.54,AA,0,CC,CC,GG,0,AA,0,GG,CC,0,CC,AA,0,CC,0,0,GG,AA,CC,GG,0,0,GG,CC,0,0,GG,GG,TC,GG,0,0,GG,CC,CC,TT,TT,CC,GG,TT,CC,CC,GG,GG,CC,0
i037_B03_2_M066,34256,5841,17.05,74.47,2.17,AA,0,CC,CC,GG,AA,AA,0,GA,CC,0,CC,AA,0,CC,AA,0,GG,AA,CC,GG,0,CC,GG,CC,0,0,GA,GG,TT,GG,0,0,0,CC,CC,TT,TT,CC,GG,TT,CC,CC,GG,GG,CC,0
i037_B04_2_M074,36852,6458,17.52,76.6,2.01,AA,0,CC,CC,GG,0,AA,0,GG,CC,0,CC,AA,0,CC,AA,0,GG,AA,CC,GG,0,CC,GG,CC,GG,0,GG,GG,TC,GG,0,0,GG,CC,CC,TT,TT,CC,GG,TC,CC,CC,GG,GG,CC,0
i037_B05_2_M082,28372,4573,16.12,72.34,2.1,0,0,CC,CC,GG,AA,AA,0,GG,CC,0,CC,AA,0,CC,0,0,GA,AA,CC,GG,0,CG,GG,CC,0,0,GA,GA,TT,GG,0,0,GG,CC,CC,TT,TT,CC,GG,TT,CC,CC,GG,GG,GC,0
i037_B06_2_M090,43545,8894,20.42,76.6,1.94,AA,0,CC,CC,GG,AA,AA,0,GG,CC,0,CC,AA,0,CC,AA,0,GA,AA,CC,GG,0,CC,GG,CC,GG,0,GG,GG,TT,GG,0,0,GG,0,CC,TT,TT,CC,GG,TT,CC,CC,GG,GC,CC,0
i037_B07_2_F050,36878,7603,20.62,72.34,2.26,AT,0,CC,CC,GG,0,AA,0,GG,CC,0,CC,AA,0,CC,AA,0,GA,AA,CC,GG,0,CC,GG,CC,0,0,GG,GA,TT,GG,0,0,0,CC,CC,TT,TT,CC,GG,TT,CC,CC,GG,GC,CC,0
i037_B08_2_F058,36473,7736,21.21,74.47,2.39,AA,0,CC,CC,GG,0,AA,0,GG,CC,0,CC,AA,0,CC,AA,0,GA,AA,CC,GG,0,CC,GG,CC,GG,0,0,GA,TC,GG,0,0,GG,CC,CC,TT,TT,CC,GG,TT,CC,CC,GG,GC,CC,0
i037_B09_2_F066,28692,5482,19.11,72.34,2.27,AT,0,CC,CC,GG,0,AA,0,GG,CC,0,CC,AA,0,CC,AA,0,GA,AA,CC,GG,0,CC,GG,CC,0,0,GA,GG,TC,GG,0,0,0,CC,CC,TT,TT,CC,GG,TT,CC,CC,GG,GG,CC,0
i037_B10_2_F074,51036,10565,20.7,76.6,1.4,AA,0,CC,CC,GG,AA,AA,0,GG,CC,0,CC,AA,0,CC,AA,0,GG,AA,CC,GA,0,CC,GG,CC,GG,0,GA,GA,CC,GG,0,0,0,CC,CC,TT,TT,CC,GG,TT,CC,CC,GG,GG,CC,0
i037_B11_2_F082,31215,6014,19.27,78.72,1.71,AA,0,CC,CC,GG,AA,AA,0,GG,CC,0,CC,AA,0,CC,AA,0,GG,AA,CC,GG,0,CC,GG,CC,GG,0,GA,GG,TC,GG,0,0,GG,CC,CC,TT,TT,CC,GG,TT,CC,CC,GG,GG,CC,0
i037_B12_2_F090,35528,6863,19.32,72.34,1.68,AA,0,CC,CC,GG,AA,AA,0,GA,CC,0,CC,AA,0,CC,0,0,GA,AA,CC,GG,0,CC,GG,CC,0,0,GA,GA,TC,GG,0,0,0,CC,CC,TT,TT,CC,GG,TT,CC,CC,GG,GC,CC,0
i037_C01_2_M051,43871,8189,18.67,68.09,2.29,AA,0,CC,CT,GG,0,AA,0,GG,CC,0,CC,AA,0,0,0,0,GG,AA,CC,GG,0,CC,GG,CC,0,0,GG,GA,TT,GG,0,0,GG,CC,0,TT,TT,CC,GG,TT,CC,CC,GG,GC,CC,0
i037_C02_2_M059,40986,7789,19,74.47,2.27,AA,0,CC,CC,GG,AA,AA,0,GG,CC,0,CC,AA,0,CC,AA,0,GG,AA,CC,GG,0,CC,GG,CC,0,0,GG,GG,TT,GG,0,0,0,CC,CC,TT,TT,CC,GG,TT,CC,CC,GG,GC,CC,0
i037_C03_2_M067,47130,9336,19.81,76.6,1.79,AA,0,CC,CC,GG,0,AA,0,GG,CC,0,CC,AA,0,CC,AA,0,GA,AA,CC,GG,0,CC,GG,CC,GG,0,GG,GG,TT,GG,0,0,GG,CC,CC,TT,TT,CC,GG,TT,CC,CC,GG,GG,CC,0
i037_C04_2_M075,41211,8710,21.14,74.47,1.76,AA,0,CC,CT,GG,0,AA,0,GA,CC,0,CC,AA,0,CC,AA,0,GG,AA,CC,GG,0,CC,GG,CT,0,0,GA,GG,TT,GG,0,0,GG,CC,CC,TT,TT,CC,GG,TT,CC,CC,GG,GC,CC,0
i037_C05_2_M083,35723,5452,15.26,61.7,1.71,AT,0,CC,CC,GG,0,AA,0,0,CC,0,CC,AA,0,CC,0,0,GA,AA,CC,GG,0,0,GG,CC,0,0,GG,GG,0,GG,0,0,0,CC,CC,TT,TT,CC,GG,TT,CC,CC,0,GG,CC,0
i037_C06_2_M091,34276,4792,13.98,59.57,2.41,0,0,CC,CT,GG,AA,0,0,0,CC,0,CC,AA,0,0,0,0,0,AA,CC,GA,0,CG,GG,0,0,0,0,GA,TT,GG,0,0,GG,CC,CC,TT,TT,CC,GG,TT,CC,CC,GG,GG,CC,0
i037_C07_2_F051,39799,8670,21.78,76.6,1.76,AT,0,CC,CC,GG,0,AA,0,GG,CC,0,CC,AA,0,CC,AA,0,GA,AA,CC,GG,0,CC,GG,CC,GG,0,GG,GA,TC,GG,0,0,GG,CC,CC,TT,TT,CC,GG,TT,CC,CC,GG,GC,CC,0
i037_C08_2_F059,43903,8336,18.99,74.47,1.34,AA,0,CC,CC,GG,AA,AA,0,GG,CC,0,CC,AA,0,CC,AA,0,GG,AA,CC,GG,0,CC,GG,CT,0,0,GG,GG,TC,GG,0,0,0,CC,CC,TT,TT,CC,GG,TT,CC,CC,GG,GG,CC,0
i037_C09_2_F67,43363,8257,19.04,74.47,1.66,AA,0,CC,CC,GG,AA,AA,0,GG,CC,0,CC,AA,0,CC,AA,0,GG,AA,CC,GG,0,CG,GG,CC,0,0,GA,GG,TT,GG,0,0,0,CC,CC,TT,TT,CC,GG,TT,CC,CC,GG,GG,GC,0
i037_C10_2_F075,57031,10823,18.98,74.47,1.95,0,0,CC,CT,GG,AA,AA,0,GG,CC,0,CC,AA,0,CC,AA,0,GG,AA,CC,GG,0,0,GG,CC,GG,0,GA,GG,CC,GG,0,0,GG,CC,CC,TT,TT,CC,GG,TT,CC,CC,GG,GG,CC,0
i037_C11_2_F083,54282,10437,19.23,78.72,1.77,AA,0,CC,CC,GG,AA,AA,0,GG,CC,0,CC,AA,0,CC,AA,0,GG,AA,CC,GG,0,CG,GA,CC,GG,0,GG,GG,TC,GG,0,0,GG,CC,CC,TT,TT,CC,GG,TT,CC,CC,GG,GG,CC,0
i037_C12_2_F091,57338,11986,20.9,78.72,1.46,AA,0,CC,CC,GG,AA,AA,0,GG,CC,0,CC,AA,0,CC,AA,0,GA,AA,CC,GG,0,CC,GG,CC,GG,0,AA,GG,TC,GG,0,0,GG,CC,CC,TT,TT,CC,GG,TT,CC,CC,GG,GC,CC,0
i037_D01_2_M052,45230,8491,18.77,76.6,2.15,AT,0,CC,CC,GG,AA,AA,0,GG,CC,0,CC,AA,0,CC,AA,0,GA,AA,CC,GG,0,CC,GG,CC,0,0,GG,GG,TT,GG,0,0,GG,CC,CC,TT,TT,CC,GG,TC,CC,CC,GG,GG,CC,0
i037_D02_2_M060,43737,7759,17.74,72.34,1.89,AA,0,CC,CC,GG,AA,AA,0,GG,CC,0,CC,AA,0,0,0,0,GA,AA,CC,GA,0,CG,GG,CC,0,0,GG,AA,TT,GG,0,0,GG,CC,CC,TT,TT,CC,GG,TT,CC,CC,GG,GG,CC,0
i037_D03_2_M068,36252,6208,17.12,76.6,1.9,AT,0,CC,CT,GG,AA,AA,0,GG,CC,0,CC,AA,0,CC,AA,0,GG,AA,CC,GA,0,CG,GG,CC,GG,0,GA,GA,TT,GG,0,0,0,CC,CC,TT,TT,CC,GG,TT,CC,CC,GG,GG,CC,0
i037_D04_2_M076,54956,10966,19.95,74.47,1.63,AA,0,CC,CC,GG,0,AA,0,GG,CC,0,CC,AA,0,CC,AA,0,GG,AA,CC,GG,0,CC,GG,CC,GG,0,GA,GG,TT,GG,0,0,0,CC,CC,TT,TT,CC,GG,TT,CC,CC,GG,GC,CC,0
i037_D05_2_M084,40213,7908,19.67,72.34,2.17,AT,0,CC,CC,GG,0,AA,0,GG,CC,0,CC,AA,0,CC,AA,0,GG,AA,CC,GG,0,0,GG,CC,GG,0,GA,GA,TC,GG,0,0,0,CC,CC,TT,TT,CC,GG,TT,CC,CC,GG,GG,CC,0
i037_D06_2_M092,37802,7139,18.89,74.47,1.63,AA,0,CC,CC,GG,AA,AA,0,GG,CC,0,CC,AA,0,CC,AA,0,GA,AA,CC,GG,0,CG,GG,CC,0,0,GG,GA,TT,GG,0,0,0,CC,CC,TT,TT,CC,GG,TT,CC,CC,GG,CC,CC,0
i037_D07_2_F052,40582,8058,19.86,74.47,2.61,AT,0,CC,CT,GG,0,AA,0,GG,CC,0,CC,AA,0,CC,AA,0,GG,AA,CC,GG,0,CC,GG,CC,GG,0,GA,GG,TC,GG,0,0,0,CC,CC,TT,TT,CC,GG,TT,CC,CC,GG,GG,CC,0
i037_D08_2_F060,44893,9863,21.97,74.47,2.06,AA,0,CC,CT,GG,0,AA,0,GG,CC,0,CC,AA,0,CC,AA,0,GG,AA,CC,GG,0,CC,GG,CC,0,0,GA,GG,TT,GG,0,0,GG,CC,CC,TT,TT,CC,GG,TT,CC,CC,GG,GC,CC,0
i037_D09_2_F068,54122,10567,19.52,78.72,1.54,AA,0,CC,CC,GG,AA,AA,0,GG,CC,0,CC,AA,0,CC,AA,0,GG,AA,CC,GG,0,CC,GG,CT,GG,0,GG,GG,TC,GG,0,0,GG,CC,CC,TT,TT,CC,GG,TT,CC,CC,GG,GG,CC,0
i037_D10_2_F076,46102,8056,17.47,68.09,2.09,AA,0,CC,CC,GG,0,AA,0,GA,CC,0,CC,AA,0,CC,AA,0,GG,AA,CC,GG,0,CG,GA,CT,0,0,GG,GG,TC,GG,0,0,0,CC,0,TT,TT,CC,GG,TT,CC,CC,0,GG,CC,0
i037_D11_2_F084,44074,7808,17.72,76.6,1.63,AA,0,CC,CC,GG,AA,AA,0,GG,CC,0,CC,AA,0,0,AA,0,GG,AA,CC,GA,0,CC,GG,CC,GG,0,GG,GA,CC,GG,0,0,GG,CC,CC,TT,TT,CC,GG,TT,CC,CC,GG,GG,CC,0
i037_D12_2_F092,57724,11157,19.33,76.6,2.05,AT,0,CC,CC,GG,AA,AA,0,GG,CC,0,CC,AA,0,CC,AA,0,GA,AA,CC,GG,0,0,GG,CC,GG,0,GA,GG,TT,GG,0,0,GG,CC,CC,TT,TT,CC,GG,TT,CC,CC,GG,CC,CC,0
i037_E01_2_M053,45124,9034,20.02,74.47,1.89,AT,0,CC,CC,GG,0,AA,0,GG,CC,0,CC,AA,0,CC,AA,0,GG,AA,CC,GG,0,CC,GG,CC,GG,0,GG,GG,TC,GG,0,0,0,CC,CC,TT,TT,CC,GG,TT,CC,CC,GG,GC,CC,0
i037_E02_2_M061,46605,10302,22.1,70.21,2.07,AA,0,CC,CT,GG,0,AA,0,GG,CC,0,CC,AA,0,CC,AA,0,GG,AA,CC,GG,0,CG,GG,CC,0,0,GA,GG,TT,GG,0,0,0,CC,0,TT,TT,CC,GG,TC,CC,CC,GG,GC,CC,0
i037_E03_2_M069,39078,6983,17.87,70.21,2.42,AT,0,CC,CC,GG,0,AA,0,GG,CC,0,CC,AA,0,CC,AA,0,GA,AA,CC,GG,0,0,GG,CC,0,0,GG,GG,0,GG,0,0,GG,CC,CC,TT,TT,CC,GG,TT,CC,CC,GG,GG,CC,0
i037_E04_2_M077,51502,9744,18.92,74.47,1.93,AA,0,CC,CC,GG,0,AA,0,GG,CC,0,CC,AA,0,CC,AA,0,GA,AA,CC,GG,0,CC,GG,CC,0,0,GG,GA,TT,GG,0,0,GG,CC,CC,TT,TT,CC,GG,TT,CC,CC,GG,GG,CC,0
i037_E05_2_M085,43210,8540,19.76,74.47,2.29,AA,0,CC,CC,GG,0,AA,0,GG,CC,0,CC,AA,0,CC,AA,0,GG,AA,CC,GG,0,CG,GG,CC,GG,0,GA,GG,TC,GG,0,0,0,CC,CC,TT,TT,CC,GG,TT,CC,CC,GG,GG,CC,0
i037_E06_2_M093,52855,10906,20.63,76.6,2.16,AA,0,CC,CT,GG,0,AA,0,GG,CC,0,CC,AA,0,CC,AA,0,GA,AA,CC,GG,0,CC,GA,CC,GG,0,GG,GG,TC,GG,0,0,GG,CC,CC,TT,TT,CC,GG,TT,CC,CC,GG,GG,CC,0
i037_E07_2_F053,45148,9153,20.27,76.6,1.96,AT,0,CC,CC,GG,0,AA,0,GG,CC,0,CC,AA,0,CC,AA,0,GA,AA,CC,GG,0,CC,GG,CC,GG,0,GG,GG,TT,GG,0,0,GG,CC,CC,TT,TT,CC,GG,TT,CC,CC,GG,CC,CC,0
i037_E08_2_F061,50453,10480,20.77,78.72,1.96,AA,0,CC,CC,GC,AA,AA,0,GA,CC,0,CC,AA,0,CA,AA,0,GG,AA,CC,GG,0,CC,GG,CC,GG,0,GA,GG,TT,GG,0,0,GG,CC,CC,TT,TT,CC,GG,TT,CC,CC,GG,GG,CC,0
i037_E09_2_F069,44501,9860,22.16,72.34,1.62,AA,0,CC,CT,GG,0,AA,0,GA,CC,0,CC,AA,0,CC,AA,0,GG,AA,CC,GG,0,CC,GG,CC,0,0,AA,GG,TC,GG,0,0,0,CC,CC,TT,TT,CC,GG,TT,CC,CC,GG,GG,CC,0
i037_E10_2_F077,45828,8187,17.86,76.6,1.47,AA,0,CC,CC,GG,AA,AA,0,GG,CC,0,CC,AA,0,CC,AA,0,GG,AA,CC,GG,0,CC,GG,CC,0,0,AA,GA,CC,GG,0,0,GG,CC,CC,TT,TA,CC,GG,TT,CC,CG,GG,GG,CC,0
i037_E11_2_F085,39415,7622,19.34,76.6,2.73,AT,0,CC,CC,GG,0,AA,0,GG,CC,0,CC,AA,0,CC,AA,0,GA,AA,CC,GG,0,CC,GG,CC,GG,0,GG,GG,CC,GG,0,0,GG,CC,CC,TT,TT,CC,GG,TT,CC,CC,GG,GG,CC,0
i037_E12_2_F093,48895,9452,19.33,78.72,1.68,AT,0,CC,CC,GG,AA,AA,0,GG,CC,0,CC,AA,0,CC,AA,0,GA,AA,CC,GG,0,CC,GG,CC,GG,0,GA,GA,TT,GG,0,0,GG,CC,CC,TT,TT,CC,GG,TT,CC,CC,GG,GG,CC,0
i037_F01_2_M054,54772,12485,22.79,74.47,2.18,AA,0,CC,CT,GG,0,AA,0,GG,CC,0,CC,AA,0,CC,AA,0,GG,AA,CC,GG,0,CG,GG,CC,GG,0,GA,GG,TT,GG,0,0,0,CC,CC,TT,TT,CC,GG,TT,CC,CC,GG,GG,CC,0
i037_F02_2_M062,53468,10593,19.81,76.6,1.93,AA,0,CC,CC,GG,AA,AA,0,GG,CC,0,CC,AA,0,CC,AA,0,GG,AA,CC,GG,0,CC,GG,CC,GG,0,GA,GA,TT,GG,0,0,0,CC,CC,TT,TT,CC,GG,TT,CC,CC,GG,GG,CC,0
i037_F03_2_M070,48135,10198,21.19,76.6,1.57,AA,0,CC,CC,GG,AA,AA,0,GG,CC,0,CC,AA,0,CC,AA,0,GA,AA,CC,GG,0,CC,GG,CC,GG,0,GA,GG,TT,GG,0,0,0,CC,CC,TT,TT,CC,GG,TT,CC,CG,GG,GG,CC,0
i037_F04_2_M078,51664,10703,20.72,78.72,1.48,AA,0,CC,CC,GG,AA,AA,0,GG,CC,0,CC,AA,0,CC,AA,0,GG,AA,CC,GG,0,CG,GG,CC,GG,0,GG,GG,TT,GG,0,0,GG,CC,CC,TT,TT,CC,GG,TT,CC,CC,GG,GG,CC,0
i037_F05_2_M086,31645,5359,16.93,68.09,1.52,AA,0,CC,CC,GG,0,AA,0,GA,CC,0,CC,AA,0,CC,AA,0,GG,AA,CC,GG,0,CG,GG,CC,0,0,GG,GA,TT,GG,0,0,0,CC,CC,TT,TT,CC,GG,TT,CC,CC,0,GC,0,0
i037_F06_2_M094,39593,7490,18.92,72.34,2.23,AA,0,CC,CC,GG,0,AA,0,GG,CT,0,CC,AA,0,CC,AA,0,GG,AA,CT,GA,0,CG,GG,CC,0,0,AA,GA,TT,GG,0,0,0,CC,CC,TT,TA,CC,GG,TT,CC,CC,GG,GG,CC,0
i037_F07_2_F054,46600,9374,20.12,76.6,1.95,AT,0,CC,CT,GG,AA,AA,0,GG,CC,0,CC,AA,0,CC,AA,0,GG,AA,CC,GG,0,0,GG,CC,GG,0,GA,GG,CC,GG,0,0,GG,CA,CC,TT,TT,CC,GG,TT,CC,CC,GG,GG,CC,0
i037_F08_2_F062,49420,10673,21.6,78.72,1.65,AA,0,CC,CC,GG,AA,AA,0,GG,CC,0,CC,AA,0,CC,AA,0,GG,AA,CC,GG,0,CC,GG,CC,GG,0,GA,GA,TC,GG,0,0,GG,CC,CC,TT,TT,CC,GG,TT,CC,CC,GG,GG,CC,0
i037_F09_2_F070,64339,13381,20.8,72.34,1.9,AA,0,CC,CC,GG,0,AA,0,GG,CC,0,CC,AA,0,CC,AA,0,GG,AA,CC,GG,0,0,GG,CT,GG,0,GA,GG,TC,GG,0,0,0,CC,CC,TT,TT,CC,GG,TT,CC,CC,GG,GG,CC,0
i037_F10_2_F078,50772,9657,19.02,74.47,1.91,AA,0,CC,CT,GG,AA,AA,0,GG,CC,0,CC,AA,0,CC,AA,0,GG,AA,CC,GA,0,CC,GG,CC,GG,0,AA,GG,TC,GG,0,0,0,CC,0,TT,TT,CC,GG,TT,CC,CC,GG,GG,CC,0
i037_F11_2_F086,38457,7641,19.87,74.47,2.03,AA,0,CC,CC,GG,0,AA,0,GG,CC,0,CC,AA,0,CC,AA,0,GA,AA,CC,GG,0,CC,GG,CC,GG,0,AA,GA,TC,GG,0,0,0,CC,CC,TT,TT,CC,GG,TT,CC,CC,GG,GC,CC,0
i037_F12_2_F094,55788,10720,19.22,72.34,2.04,0,0,CC,TT,GG,0,AA,0,GG,CC,0,CC,AA,0,CC,AA,0,GG,AA,CC,GG,0,CC,GG,CC,GG,0,GG,GA,TT,GG,0,0,0,CC,CC,TT,TT,CC,GG,TT,CC,CC,GG,GG,CC,0
i037_G01_2_M055,53611,11527,21.5,76.6,2.31,AA,0,CC,CC,GG,0,AA,0,GG,CC,0,CC,AA,0,CC,AA,0,GA,AA,CC,GG,0,CC,GG,CT,GG,0,GA,GA,TT,GG,0,0,GG,CC,CC,TT,TT,CC,GG,TT,CC,CC,GG,GG,CC,0
i037_G02_2_M063,42211,7558,17.91,72.34,1.92,AA,0,CC,CC,GG,0,AA,0,GG,CC,0,CC,AA,0,CC,AA,0,GG,AA,CC,GG,0,CC,GG,CC,0,0,GA,GA,TT,GG,0,0,0,CC,CC,TT,TT,CC,GG,TT,CC,CC,GG,GC,CC,0
i037_G03_2_M071,49935,11026,22.08,76.6,1.99,AA,0,CC,CT,GG,0,AA,0,GG,CC,0,CC,AA,0,CC,AA,0,GG,AA,CC,GG,0,CG,GG,CT,GG,0,GG,GA,TT,GG,0,0,GG,CC,CC,TT,TT,CC,GG,TT,CC,CC,GG,GG,CC,0
i037_G04_2_M079,36024,6045,16.78,70.21,1.89,AA,0,CC,CC,GG,AA,AA,0,GA,CC,0,CC,AA,0,CC,0,0,GA,AA,CC,GG,0,CC,GG,CC,0,0,GA,GA,TC,GG,0,0,0,CC,CC,TT,TT,CC,GG,TT,CC,CC,0,GG,CC,0
i037_G05_2_M087,33221,7171,21.59,74.47,1.93,AT,0,CC,CT,GG,0,AA,0,GA,CC,0,CC,AA,0,CC,AA,0,GG,AA,CC,GG,0,CG,GG,CC,GG,0,GA,GA,TC,GG,0,0,0,CC,CC,TT,TT,CC,GG,TT,CC,CC,GG,GC,CC,0
i037_G06_2_M095,39762,7760,19.52,70.21,1.88,AA,0,CC,CC,GG,0,AA,0,GG,CC,0,CC,AA,0,CC,AA,0,GG,AA,CC,GA,0,0,GG,CC,0,0,GA,GG,TC,GG,0,0,0,CC,CC,TT,TT,CC,GG,TT,CC,CC,GG,GC,CC,0
i037_G07_2_F055,48987,9429,19.25,78.72,1.87,AA,0,CC,CC,GG,AA,AA,0,GA,CC,0,CC,AA,0,CC,AA,0,GG,AA,CC,GG,0,CC,GG,CC,GG,0,GA,GG,CC,GG,0,0,GG,CC,CC,TT,TT,CC,GG,TT,CC,CC,GG,GG,CC,0
i037_G08_2_F063,51217,10234,19.98,74.47,1.58,AA,0,CC,CC,GG,0,AA,0,GG,CC,0,CC,AA,0,CC,AA,0,GG,AA,CC,GA,0,0,GG,CC,GG,0,GA,GG,TT,GG,0,0,GG,CC,CC,TT,TT,CC,GG,TT,CC,CC,GG,GG,CC,0
i037_G09_2_F071,52900,11834,22.37,76.6,2.16,AA,0,CC,CC,GG,0,AA,0,GG,CC,0,CC,AA,0,CC,AA,0,GG,AA,CC,GG,0,CC,GG,CC,GG,0,GA,GA,TC,GG,0,0,GG,CC,CC,TT,TT,CC,GG,TT,CC,CC,GG,GG,CC,0
i037_G10_2_F079,50495,11112,22.01,78.72,1.43,AA,0,CC,CC,GG,AA,AA,0,GG,CC,0,CC,AA,0,CC,AA,0,GG,AA,CC,GG,0,CC,GG,CT,GG,0,GG,GG,TT,GG,0,0,GG,CC,CC,TT,TT,CC,GG,TT,CC,CC,GG,GG,CC,0
i037_G11_2_F087,35891,7509,20.92,78.72,1.56,AA,0,CC,CC,GG,AA,AA,0,GG,CC,0,CC,AA,0,CC,AA,0,GG,AA,CC,GG,0,CG,GG,CC,GG,0,GG,GA,TT,GG,0,0,GG,CC,CC,TT,TT,CC,GG,TT,CC,CC,GG,GC,CC,0
i037_G12_2_F095,52268,11962,22.89,74.47,1.78,AA,0,CC,CC,GG,AA,AA,0,GG,CC,0,CC,AA,0,CC,AA,0,GG,AA,CC,GG,0,0,GG,CC,GG,0,AA,GG,TC,GG,0,0,0,CC,CC,TT,TT,CC,GG,TT,CC,CC,GG,GG,GC,0
i037_H01_2_M056,52268,10676,20.43,72.34,1.93,TT,0,CC,CC,GG,AA,AA,0,0,CC,0,CC,AA,0,0,AA,0,GA,AA,CC,GG,0,0,GG,CC,GG,0,GA,GG,TC,GG,0,0,GG,CC,CC,TT,TT,CC,GG,TT,CC,CC,GG,GC,CC,0
i037_H02_2_M064,45488,10354,22.76,76.6,1.75,AA,0,CC,CC,GG,AA,AA,0,GA,CC,0,CC,AA,0,CC,AA,0,GG,AA,CC,GG,0,CC,GG,CT,GG,0,GG,GA,TT,GG,0,0,0,CC,CC,TT,TT,CC,GG,TT,CC,CC,GG,GG,CC,0
i037_H03_2_M072,42965,7758,18.06,70.21,2.07,AA,0,CC,CC,GG,AA,AA,0,GG,CC,0,CC,AA,0,0,0,0,GG,AA,CC,GA,0,CC,GG,0,0,0,GG,GG,TT,GG,0,0,GG,CC,CC,TT,TT,CC,GG,TT,CC,CC,GG,GC,CC,0
i037_H04_2_M080,42199,7429,17.6,74.47,2.23,AA,0,CC,CC,GG,0,AA,0,GG,CC,0,CC,AA,0,CC,AA,0,GG,AA,CC,GG,0,CG,GG,CC,0,0,AA,GG,TT,GG,0,0,GG,CC,CC,TT,TT,CC,GG,TT,CC,CC,GG,GC,CC,0
i037_H05_2_M088,48625,9449,19.43,74.47,1.82,AA,0,CC,CC,GG,AA,AA,0,GG,CC,0,CC,AA,0,0,AA,0,GG,AA,CC,GG,0,CC,GG,CC,GG,0,AA,GG,TT,GG,0,0,0,CC,CC,TT,TT,CC,GG,TT,CC,CC,GG,GG,CC,0
i037_H06_2_M096,52155,10351,19.85,72.34,1.51,AA,0,CC,CC,GG,AA,AA,0,GG,CC,0,CC,AA,0,CC,AA,0,GG,AA,CC,GG,0,0,GG,CC,0,0,GG,GA,TT,GG,0,0,0,CC,CC,TT,TT,CC,GG,TT,CC,CC,GG,GC,CC,0
i037_H07_2_F056,44242,7962,18,74.47,1.76,0,0,CC,CC,GG,AA,AA,0,GG,CC,0,CC,AA,0,CC,0,0,GG,AA,CC,GG,0,CG,GG,CC,GG,0,GG,GA,TT,GG,0,0,GG,CC,CC,TT,TT,CC,GG,TT,CC,CC,GG,GG,CC,0
i037_H08_2_F064,61442,14017,22.81,78.72,1.76,AA,0,CC,CC,GG,AA,AA,0,GA,CC,0,CC,AA,0,CC,AA,0,GG,AA,CC,GG,0,CC,GG,CC,GG,0,GA,GA,CC,GG,0,0,GG,CC,CC,TT,TT,CC,GG,TT,CC,CG,GG,GC,CC,0
i037_H09_2_F072,39208,7422,18.93,63.83,2.56,AA,0,CC,CC,0,0,AA,0,GG,CC,0,CC,AA,0,0,0,0,GG,AA,CC,GG,0,CG,GG,CC,0,0,GA,GG,TC,GG,0,0,0,CC,0,TT,TT,CC,GG,TT,CC,CC,GG,GC,CC,0
i037_H10_2_F080,57607,12111,21.02,76.6,1.61,AA,0,CC,CC,GG,AA,AA,0,0,CC,0,CC,AA,0,CC,AA,0,GG,AA,CC,GA,0,CC,GG,CC,GG,0,GG,GG,TC,GG,0,0,GG,CC,CC,TT,TT,CC,GG,TT,CC,CC,GG,GG,CC,0
i037_H11_2_F088,41925,7953,18.97,70.21,1.94,AA,0,CC,CC,0,0,AA,0,GG,CC,0,CC,AA,0,CC,AA,0,GG,AA,CC,GG,0,0,GG,CC,GG,0,0,GA,TC,GG,0,0,GG,CC,CC,TT,TT,CC,GG,TT,CC,CC,GG,GG,CC,0
i037_H12_2_F096,39582,8032,20.29,74.47,2.3,AA,0,CC,CT,GG,0,AA,0,GG,CC,0,CC,AA,0,CC,AA,0,GG,AA,CC,GG,0,CG,GG,CT,GG,0,GG,GG,0,GG,0,0,GG,CC,CC,TT,TT,CC,GG,TT,CC,CC,GG,GG,CC,0
i038_A01_3_M097,62879,14127,22.47,74.47,1.95,AA,0,CC,CC,GG,AA,AA,0,GA,CC,0,CC,AA,0,CC,AA,0,GG,AA,CC,GA,0,CC,GG,CC,GG,0,GG,GG,TT,GG,0,0,0,0,CC,TT,TT,CC,GG,TT,CC,CC,GG,GG,CC,0
i038_A02_3_M105,48897,10584,21.65,78.72,2.24,AT,0,CC,CC,GG,AA,AA,0,GG,CC,0,CC,AA,0,CC,AA,0,GG,AA,CC,GA,0,CG,GG,CC,GG,0,GG,GA,TC,GG,0,0,GG,CC,CC,TT,TT,CC,GG,TT,CC,CC,GG,CC,CC,0
i038_A03_3_M113,52085,11332,21.76,78.72,1.34,AT,0,CC,CC,GG,AA,AA,0,GA,CC,0,CC,AA,0,CC,AA,0,GG,AA,CC,GG,0,CC,GG,CC,GG,0,AA,GG,TT,GG,0,0,GG,CC,CC,TT,TT,CC,GG,TT,CC,CC,GG,GG,CC,0
i038_A04_3_M121,43666,8738,20.01,76.6,2.05,AT,0,CC,CC,GG,AA,AA,0,GG,CC,0,CC,AA,0,CC,AA,0,GG,AA,CC,GG,0,CC,GG,CC,GG,0,AA,AA,TC,GG,0,0,0,CC,CC,TT,TA,CC,GG,TT,CC,CC,GG,GC,CC,0
i038_A05_3_M129,60774,12375,20.36,72.34,2.11,AA,0,CC,CT,GG,0,AA,0,GG,CC,0,CC,AA,0,CC,AA,0,GG,AA,CC,GG,0,CC,GG,CT,GG,0,GG,GA,TT,GG,0,0,0,CC,CC,TT,TT,CC,GG,TT,CC,CC,0,GG,CC,0
i038_A06_3_M137,51328,11047,21.52,76.6,1.24,AA,0,CC,CC,GG,AG,AA,0,GG,CC,0,CC,AA,0,CC,AA,0,GG,AA,CC,GA,0,CG,GG,CC,GG,0,AA,GG,TT,GG,0,0,0,CC,CC,TT,TT,CC,GG,TT,CC,CC,GG,GG,CC,0
i038_A07_3_F097,51141,9976,19.51,76.6,2.05,AA,0,CC,CC,GG,0,AA,0,GG,CC,0,CC,AA,0,CC,AA,0,GA,AA,CC,GG,0,CG,GG,CC,GG,0,GA,GG,TC,GG,0,0,GG,CC,CC,TT,TT,CC,GG,TT,CC,CC,GG,GG,CC,0
i038_A08_3_F105,67183,15411,22.94,74.47,1.39,AT,0,CC,CC,GG,0,AA,0,GG,CC,0,CC,AA,0,CC,AA,0,GG,AA,CC,GA,0,CG,GG,CC,GG,0,GA,GG,TT,GG,0,0,0,CC,CC,TT,TT,CC,GG,TT,CC,CC,GG,GC,CC,0
i038_A09_3_F113,54896,11120,20.26,76.6,2.12,AA,0,CC,CC,GG,AA,AA,0,GG,CC,0,CC,AA,0,CC,AA,0,GA,AA,CC,GG,0,0,GG,CT,GG,0,AA,GG,TC,GG,0,0,GG,CC,CC,TT,TT,CC,GG,TT,CC,CC,GG,GG,CC,0
i038_A10_3_F121,51715,11171,21.6,78.72,1.39,AA,0,CC,CT,GG,AA,AA,0,GG,CC,0,CC,AA,0,CC,AA,0,GG,AA,CC,GG,0,CG,GG,CC,GG,0,GG,GG,TT,GG,0,0,GG,CC,CC,TT,TT,CC,GG,TT,CC,CC,GG,GG,CC,0
i038_A11_3_F129,51046,10467,20.51,74.47,1.7,AA,0,CC,CC,GG,0,AA,0,GG,CC,0,CC,AA,0,CC,AA,0,GG,AA,CC,GG,0,0,GG,CC,GG,0,GG,GG,TT,GG,0,0,GG,CC,CC,TT,TT,CC,GG,TT,CC,CC,GG,GC,CC,0
i038_A12_3_F137,53809,11462,21.3,76.6,1.77,AA,0,CC,CT,GG,0,AA,0,GG,CC,0,CC,AA,0,CC,AA,0,GG,AA,CC,GG,0,CC,GG,CC,GG,0,GG,GA,TC,GG,0,0,GG,CC,CC,TT,TT,CC,GG,TT,CC,CC,GG,GG,CC,0
i038_B01_3_M098,55055,10652,19.35,76.6,2.08,AA,0,CC,CC,GG,0,AA,0,GA,CC,0,CC,AA,0,CC,AA,0,GA,AA,CC,GG,0,CC,GG,CC,GG,0,AA,GA,TC,GG,0,0,GG,CC,CC,TT,TT,CC,GG,TT,CC,CC,GG,GG,CC,0
i038_B02_3_M106,41305,7573,18.33,78.72,1.76,AA,0,CC,CC,GG,AG,AA,0,GG,CC,0,CC,AA,0,CC,AA,0,GG,AA,CC,GA,0,CG,GG,CC,GG,0,GA,GG,TT,GG,0,0,GG,CC,CC,TT,TT,CC,GG,TT,CC,CC,GG,GG,CC,0
i038_B03_3_M114,55361,10471,18.91,74.47,1.76,AT,0,CC,CC,GG,0,AA,0,GG,CC,0,CC,AA,0,CC,AA,0,GG,AA,CC,GG,0,CG,GG,CC,GG,0,GG,GA,TC,GG,0,0,0,CC,CC,TT,TT,CC,GG,TT,CC,CC,GG,GG,CC,0
i038_B04_3_M122,32875,5633,17.13,72.34,1.98,AA,0,CC,CC,GG,0,AA,0,GG,CC,0,CC,AA,0,CC,0,0,GG,AA,CC,GG,0,CC,GG,CC,0,0,GA,GA,TT,GG,0,0,GG,CC,CC,TT,TT,CC,GG,TT,CC,CC,GG,GC,CC,0
i038_B05_3_M130,38173,7827,20.5,74.47,1.48,AT,0,CC,CC,GG,AA,AA,0,GG,CC,0,CC,AA,0,CC,AA,0,GG,AA,CC,GG,0,0,GG,CC,GG,0,GG,GA,TT,GG,0,0,0,CC,CC,TT,TT,CC,GG,TT,CC,CC,GG,GG,CC,0
i038_B06_3_M138,32675,6456,19.76,74.47,1.85,AT,0,CC,CC,GG,AA,AA,0,GG,CC,0,CC,AA,0,CC,AA,0,GG,AA,CC,GG,0,CC,GG,CC,0,0,GG,GA,TT,GG,0,0,0,CC,CC,TT,TT,CC,GG,TT,CC,CC,GG,GG,CC,0
i038_B07_3_F098,41085,8221,20.01,72.34,1.83,AT,0,CC,0,GG,AA,AA,0,GA,CC,0,CC,AA,0,CC,AA,0,GG,AA,CC,GG,0,CC,GG,CC,0,0,GA,GA,CC,GG,0,0,0,CC,CC,TT,TT,CC,GG,TC,CC,CC,GG,GC,CC,0
i038_B08_3_F106,34267,6739,19.67,76.6,1.9,AT,0,CC,CC,GG,AA,AA,0,GG,CC,0,CC,AA,0,CC,AA,0,GG,AA,CC,GG,0,CC,GG,CC,GG,0,GA,GG,0,GG,0,0,GG,CC,CC,TT,TT,CC,GG,TT,CC,CG,GG,GC,CC,0
i038_B09_3_F114,35540,6529,18.37,74.47,2.25,AA,0,CC,CC,GG,AA,AA,0,GG,CC,0,CC,AA,0,CC,AA,0,GA,AA,CC,GG,0,CC,GG,CC,0,0,GA,AA,CC,GG,0,0,GG,CC,0,TT,TT,CC,GG,TT,CC,CC,GG,GG,CC,0
i038_B10_3_F122,57630,11268,19.55,74.47,1.67,AA,0,CC,CC,GG,0,AA,0,GG,CC,0,CC,AA,0,CC,AA,0,GA,AA,CC,GG,0,CC,GG,CC,GG,0,GG,GG,TT,GG,0,0,0,CC,CC,TT,TT,CC,GG,TT,CC,CC,GG,GG,CC,0
i038_B11_3_F130,42492,7083,16.67,76.6,1.52,AA,0,CC,TT,GG,AA,AA,0,GG,CC,0,CC,AA,0,CC,AA,0,GG,AA,CC,GG,0,CC,GG,CC,0,0,GG,GA,TC,GG,0,0,GG,CC,CC,TT,TT,CC,GG,TT,CC,CC,GG,GG,CC,0
i038_B12_3_F138,32232,6252,19.4,72.34,1.83,AT,0,CC,CC,GG,0,AA,0,GG,CC,0,CC,AA,0,CC,AA,0,GA,AA,CC,GG,0,CG,GG,CC,0,0,GG,GA,TT,GG,0,0,0,CC,CC,TT,TT,CC,GG,TT,CC,CC,GG,GC,CC,0
i038_C01_3_M099,46113,8549,18.54,76.6,2.47,TT,0,CC,CT,GG,0,AA,0,GG,CC,0,CC,AA,0,CC,AA,0,GG,AA,CC,GG,0,CC,GG,CC,GG,0,GA,GG,TC,GG,0,0,GG,CC,CC,TT,TT,CC,GG,TT,CC,CC,GG,GG,CC,0
i038_C02_3_M107,49120,9073,18.47,76.6,1.3,AT,0,CC,CC,GG,AA,AA,0,GG,CC,0,CC,AA,0,CC,AA,0,GG,AA,CC,GA,0,CG,GG,CC,GG,0,GA,GG,TT,GG,0,0,0,CC,CC,TT,TT,CC,GG,TT,CC,CC,GG,GC,CC,0
i038_C03_3_M115,53439,10791,20.19,74.47,1.47,AT,0,CC,CC,GG,0,AA,0,GG,CC,0,CC,AA,0,CC,AA,0,GG,AA,CC,GG,0,CC,GG,CC,0,0,GG,GG,TT,GG,0,0,GG,CC,CC,TT,TT,CC,GG,TT,CC,CC,GG,GG,CC,0
i038_C04_3_M123,51560,9889,19.18,76.6,1.46,AA,0,CC,CC,GG,AA,AA,0,GG,CC,0,CC,AA,0,CC,AA,0,GG,AA,CC,GG,0,CG,GG,CC,GG,0,GG,GA,TT,GG,0,0,0,CC,CC,TT,TT,CC,GG,TT,CC,CC,GG,GC,CC,0
i038_C05_3_M131,45562,7423,16.29,70.21,1.71,TT,0,CC,CT,GG,0,AA,0,GG,CC,0,CC,AA,0,CC,AA,0,GG,AA,CC,GG,0,CC,GG,CT,0,0,GA,GG,TC,GG,0,0,0,CC,CC,TT,TT,CC,GG,TT,CC,CC,GG,GC,0,0
i038_C06_3_M139,50227,9928,19.77,74.47,1.81,AT,0,CC,CT,GG,0,AA,0,GG,CC,0,CC,AA,0,CC,AA,0,GG,AA,CC,GG,0,CC,GG,CC,0,0,GA,GG,TT,GG,0,0,GG,CC,CC,TT,TT,CC,GG,TT,CC,CC,GG,GC,CC,0
i038_C07_3_F099,46396,9475,20.42,76.6,2.24,AA,0,CC,CC,GG,0,AA,0,GG,CC,0,CC,AA,0,CC,AA,0,GG,AA,CC,GG,0,CG,GG,CC,GG,0,GG,GG,CC,GG,0,0,GG,CC,CC,TT,TT,CC,GG,TC,CC,CC,GG,GG,CC,0
i038_C08_3_F107,45975,9582,20.84,76.6,2.02,AA,0,CC,CC,GG,0,AA,0,GG,CC,0,CC,AA,0,CC,AA,0,GG,AA,CC,GG,0,CC,GG,CT,GG,0,GA,GA,TT,GG,0,0,GG,CC,CC,TT,TT,CC,GG,TT,CC,CC,GG,GG,CC,0
i038_C09_3_F115,48581,9490,19.53,76.6,1.6,AA,0,CC,CT,GG,AA,AA,0,GG,CC,0,CC,AA,0,0,AA,0,GG,AA,CC,GG,0,CC,GG,CC,GG,0,GA,GA,TC,GG,0,0,GG,CC,CC,TT,TT,CC,GG,TT,CC,CC,GG,GG,CC,0
i038_C10_3_F123,51086,9421,18.44,74.47,1.54,AA,0,CC,CC,GG,AA,AA,0,GA,CC,0,CC,AA,0,CC,AA,0,GG,AA,CC,GG,0,CC,GG,0,GG,0,GA,GA,TC,GG,0,0,0,CC,CC,TT,TT,CC,GG,TT,CC,CC,GG,GG,GC,0
i038_C11_3_F131,52382,9060,17.3,74.47,1.73,AT,0,CC,CC,GG,AA,AA,0,GG,CC,0,CC,AA,0,CC,AA,0,GA,AA,CC,GG,0,CC,GG,CC,0,0,GA,GG,TT,GG,0,0,0,CC,CC,TT,TT,CC,GG,TT,CC,CC,GG,GC,CC,0
i038_C12_3_F139,51416,10034,19.52,76.6,1.84,AT,0,CC,CC,GG,0,AA,0,GG,CC,0,CC,AA,0,CC,AA,0,GG,AA,CC,GG,0,CC,GG,CT,GG,0,GA,GA,TT,GG,0,0,GG,CC,CC,TT,TT,CC,GG,TT,CC,CC,GG,GC,CC,0
i038_D01_3_M100,41807,7723,18.47,74.47,1.9,AT,0,CC,CT,GG,0,AA,0,GG,CC,0,CC,AA,0,CC,AA,0,GG,AA,CC,GG,0,CC,GG,CC,GG,0,GA,GA,TT,GG,0,0,0,CC,CC,TT,TT,CC,GG,TC,CC,CC,GG,GC,CC,0
i038_D02_3_M108,39704,7389,18.61,76.6,1.99,AT,0,CC,CC,GG,AA,AA,0,GA,CC,0,CC,AA,0,CC,AA,0,GG,AA,CC,GG,0,CC,GG,CC,0,0,GA,GA,TT,GG,0,0,GG,CC,CC,TT,TT,CC,GG,TT,CC,CC,GG,GG,CC,0
i038_D03_3_M116,34415,5903,17.15,72.34,1.7,AA,0,CC,CC,GG,AA,AA,0,GG,CC,0,CC,AA,0,CC,AA,0,GA,AA,CC,GG,0,CC,GG,CC,0,0,0,GA,TT,GG,0,0,0,CC,CC,TT,TT,CC,GG,TT,CC,CC,GG,GG,CC,0
i038_D04_3_M124,58157,11644,20.02,78.72,1.45,AA,0,CC,CC,GG,AA,AA,0,GG,CC,0,CC,AA,0,CC,AA,0,GG,AA,CC,GA,0,CC,GG,CC,GG,0,AA,GG,TT,GG,0,0,GG,CC,CC,TT,TT,CC,GG,TT,CC,CC,GG,GG,CC,0
i038_D05_3_M132,37171,5898,15.87,70.21,2.16,AA,0,CC,CC,GG,0,AA,0,GG,CC,0,CC,AA,0,CC,AA,0,GG,AA,CC,GG,0,CC,0,CC,0,0,GG,GG,TC,GG,0,0,0,CC,CC,TT,TT,CC,GG,TT,CC,CC,GG,GG,CC,0
i038_D06_3_M140,41963,8568,20.42,72.34,2.15,AA,0,CC,CC,GG,0,AA,0,GG,CC,0,CC,AA,0,CC,AA,0,GG,AA,CC,GG,0,0,GG,CC,GG,0,GA,GA,TC,GG,0,0,0,CC,CC,TT,TT,CC,GG,TT,CC,CC,GG,CC,CC,0
i038_D07_3_F100,39966,7491,18.74,74.47,1.56,AA,0,CC,CC,GG,AA,AA,0,GG,CC,0,CC,AA,0,CC,AA,0,GG,AA,CC,GG,0,CC,GG,CC,0,0,GG,AA,TC,GG,0,0,0,CC,CC,TT,TT,CC,GG,TT,CC,CC,GG,GC,CC,0
i038_D08_3_F108,46487,9605,20.66,78.72,1.75,AT,0,CC,CC,GG,AG,AA,0,GG,CC,0,CC,AA,0,CC,AA,0,GA,AA,CC,GG,0,CC,GG,CC,GG,0,GA,GG,TT,GG,0,0,GG,CC,CC,TT,TT,CC,GG,TT,CC,CC,GG,GG,CC,0
i038_D09_3_F116,56301,12189,21.65,78.72,1.41,AA,0,CC,CC,GG,AA,AA,0,GG,CC,0,CC,AA,0,CC,AA,0,GG,AA,CC,GG,0,CG,GG,CC,GG,0,GA,GG,CC,GG,0,0,GG,CC,CC,TT,TT,CC,GG,TT,CC,CC,GG,GG,CC,0
i038_D10_3_F124,42829,8366,19.53,78.72,1.59,AA,0,CC,CC,GG,AA,AA,0,GA,CC,0,CC,AA,0,CA,AA,0,GG,AA,CC,GG,0,CG,GG,CT,GG,0,GG,GA,TC,GG,0,0,GG,CC,CC,TT,TT,CC,GG,TT,CC,CC,GG,GG,GC,0
i038_D11_3_F132,41733,8215,19.68,72.34,1.94,AA,0,CC,CC,GG,0,AA,0,GG,CC,0,CC,AA,0,CC,AA,0,GG,AA,CC,GG,0,CG,GG,CC,0,0,GG,GA,TC,GG,0,0,0,CC,CC,TT,TT,CC,GG,TT,CC,CC,GG,GG,GC,0
i038_D12_3_F140,45898,8830,19.24,74.47,1.69,AA,0,CC,CC,GG,AA,AA,0,GA,CC,0,CC,AA,0,CC,AA,0,GA,AA,CC,0,0,CC,GG,CC,GG,0,GA,GA,TC,GG,0,0,0,CC,CC,TT,TT,CC,GG,TT,CC,CC,GG,GC,CC,0
i038_E01_3_M101,51160,9977,19.5,76.6,2.17,AA,0,CC,CT,GG,0,AA,0,GG,CC,0,CC,AA,0,CC,AA,0,GG,AA,CC,GG,0,CG,GG,CC,GG,0,GA,GG,TT,GG,0,0,GG,CC,CC,TT,TT,CC,GG,TC,CC,CC,GG,GC,CC,0
i038_E02_3_M109,42655,7522,17.63,70.21,1.93,AA,0,CC,CC,GG,0,AA,0,GA,CC,0,CC,AA,0,CC,AA,0,GG,AA,CC,GG,0,CC,GG,CC,GG,0,GG,GA,TT,GG,0,0,0,CC,0,TT,TT,CC,GG,TC,CC,CC,GG,GG,0,0
i038_E03_3_M117,45914,8642,18.82,76.6,1.93,AA,0,CC,CC,GG,0,AA,0,GG,CC,0,CC,AA,0,CC,AA,0,GG,AA,CC,GG,0,CC,GG,CC,GG,0,GG,GG,TT,GG,0,0,GG,CC,CC,TT,TT,CC,GG,TT,CC,CC,GG,GG,CC,0
i038_E04_3_M125,46433,8697,18.73,78.72,1.79,AT,0,CC,CC,GG,AA,AA,0,GA,CC,0,CC,AA,0,CC,AA,0,GG,AA,CC,GG,0,CC,GG,CC,GG,0,GG,GG,TC,GG,0,0,GG,CC,CC,TT,TT,CC,GG,TT,CC,CC,GG,GC,CC,0
i038_E05_3_M133,36453,7251,19.89,74.47,2.4,AT,0,CC,0,GG,0,AA,0,GG,CC,0,CC,AA,0,CC,AA,0,GG,AA,CC,GG,0,CC,GG,CC,GG,0,GG,GG,TT,GG,0,0,GT,CC,CC,TT,TT,CC,GG,TT,CC,CC,GG,GC,CC,0
i038_E06_3_M141,52388,10134,19.34,74.47,1.31,AA,0,CC,CT,GG,AA,AA,0,GG,CC,0,CC,AA,0,0,AA,0,GG,AA,CC,GA,0,CC,GG,CC,GG,0,AA,GG,TT,GG,0,0,0,CC,CC,TT,TT,CC,GG,TT,CC,CC,GG,GG,CC,0
i038_E07_3_F101,35330,6707,18.98,74.47,2.09,AA,0,CC,CC,GG,AA,AA,0,GG,CC,0,CC,AA,0,CC,AA,0,GA,AA,CC,GG,0,CC,GG,CC,0,0,GG,GA,TC,GG,0,0,0,CC,CC,TT,TT,CC,GG,TT,CC,CC,GG,CC,CC,0
i038_E08_3_F109,40171,8132,20.24,76.6,1.49,AA,0,CC,CT,GG,0,AA,0,GG,CC,0,CC,AA,0,CC,AA,0,GG,AA,CC,GG,0,CG,GG,CC,GG,0,GA,GA,TT,GG,0,0,GG,CC,CC,TT,TT,CC,GG,TT,CC,CC,GG,GG,CC,0
i038_E09_3_F117,41910,8337,19.89,78.72,1.5,AT,0,CC,CC,GG,AA,AA,0,GA,CC,0,CC,AA,0,CC,AA,0,GG,AA,CC,GA,0,CC,GG,CC,GG,0,GG,GG,TC,GG,0,0,GG,CC,CC,TT,TT,CC,GG,TT,CC,CC,GG,GG,CC,0
i038_E10_3_F125,35381,6073,17.16,68.09,2.07,AA,0,CC,CT,GG,AA,AA,0,GG,CC,0,CC,AA,0,CC,0,0,GG,AA,CC,AA,0,0,GG,CT,0,0,0,GG,TT,GG,0,0,GG,CC,CC,TT,TT,CC,GG,TT,CC,CC,0,GC,CC,0
i038_E11_3_F133,33135,4968,14.99,61.7,2.36,TT,0,CC,CC,GG,0,AA,0,GA,CC,0,CC,AA,0,CC,0,0,GG,AA,CC,GG,0,CG,0,CC,0,0,0,GG,0,GG,0,0,0,CC,CC,TT,TT,CC,GG,TT,CC,CC,GG,GC,0,0
i038_E12_3_F141,30750,4817,15.67,29.79,3.06,0,0,CC,0,0,AA,0,0,0,0,0,CC,0,0,0,0,0,GA,AA,0,0,0,0,0,0,0,0,0,GA,0,0,0,0,0,CC,CC,TT,0,CC,GG,0,0,CC,GG,GG,0,0
i038_F01_3_M102,51534,11370,22.06,74.47,1.7,0,0,CC,CT,GG,AA,AA,0,GA,CC,0,CC,AA,0,CC,AA,0,GG,AA,CC,GG,0,CC,GG,CC,GG,0,GG,GG,TC,GG,0,0,0,CC,CC,TT,TT,CC,GG,TT,CC,CC,GG,GC,CC,0
i038_F02_3_M110,45489,8298,18.24,76.6,1.66,AA,0,CC,CC,GG,AA,AA,0,GG,CC,0,CC,AA,0,CC,AA,0,GG,AA,CC,GG,0,CC,GG,CC,0,0,GA,GA,TT,GG,0,0,GG,CC,CC,TT,TT,CC,GG,TT,CC,CC,GG,GC,CC,0
i038_F03_3_M118,45946,8493,18.48,74.47,2.08,AT,0,CC,CC,GG,AA,AA,0,GG,CC,0,CC,AA,0,CC,AA,0,GG,AA,CC,GG,0,0,GG,CC,0,0,GG,GG,TT,GG,0,0,GG,CC,CC,TT,TT,CC,GG,TT,CC,CC,GG,GG,CC,0
i038_F04_3_M126,53314,11976,22.46,78.72,1.32,AA,0,CC,CC,GG,AA,AA,0,GG,CC,0,CC,AA,0,CC,AA,0,GA,AA,CC,GG,0,CC,GG,CC,GG,0,GG,GG,TT,GG,0,0,GG,CC,CC,TT,TT,CC,GG,TT,CC,CC,GG,GG,CC,0
i038_F05_3_M134,41142,8012,19.47,74.47,1.52,AA,0,CC,CT,GG,0,AA,0,GG,CC,0,CC,AA,0,CC,AA,0,GG,AA,CC,GG,0,CC,GG,CC,GG,0,GA,GG,TC,GG,0,0,0,CC,CC,TT,TT,CC,GG,TT,CC,CC,GG,GG,CC,0
i038_F06_3_M142,47924,10445,21.79,76.6,2.21,AA,0,CC,CT,GG,0,AA,0,GA,CC,0,CC,AA,0,CC,AA,0,GG,AA,CC,GG,0,CC,GG,CC,GG,0,GA,GG,TC,GG,0,0,GG,CC,CC,TT,TT,CC,GG,TT,CC,CC,GG,CC,CC,0
i038_F07_3_F102,43651,8871,20.32,72.34,2.25,AT,0,CC,CC,GG,0,AA,0,GG,CC,0,CC,AA,0,CC,AA,0,GG,AA,CC,GG,0,CG,GG,CC,GG,0,GG,GA,TC,GG,0,0,0,CC,0,TT,TT,CC,GG,TT,CC,CC,GG,CC,CC,0
i038_F08_3_F110,37277,7310,19.61,70.21,2.32,AT,0,CC,CC,GG,0,AA,0,GG,CC,0,CC,AA,0,CC,AA,0,GG,AA,CC,GG,0,CC,GG,CC,0,0,GG,GG,TC,GG,0,0,0,CC,0,TT,TT,CC,GG,TC,CC,CC,GG,GC,CC,0
i038_F09_3_F118,45270,9084,20.07,76.6,1.73,AT,0,CC,CC,GG,AA,AA,0,GG,CC,0,CC,AA,0,CC,AA,0,GG,AA,CC,GG,0,CC,GG,CC,GG,0,GG,GG,CC,GG,0,0,0,CC,CC,TT,TT,CC,GG,TT,CC,CG,GG,GG,CC,0
i038_F10_3_F126,40420,8370,20.71,76.6,1.5,AA,0,CC,CT,GG,AA,AA,0,GG,CC,0,CC,AA,0,CC,AA,0,GG,AA,CC,GG,0,CG,GG,CC,GG,0,GG,GA,TC,GG,0,0,0,CC,CC,TT,TT,CC,GG,TT,CC,CC,GG,GG,CC,0
i038_F11_3_F134,35365,6821,19.29,70.21,2.3,AT,0,CC,CC,GG,0,AA,0,GG,CC,0,CC,AA,0,CC,AA,0,GA,AA,CC,AA,0,0,GG,CT,0,0,AA,GG,TC,GG,0,0,0,CC,CC,TT,TT,CC,GG,TT,CC,CC,GG,GG,CC,0
i038_F12_3_F142,47770,9881,20.68,74.47,2.07,AA,0,CC,CC,GG,0,AA,0,GG,CC,0,CC,AA,0,CC,AA,0,GG,AA,CC,GG,0,0,GG,CC,GG,0,GG,GG,TC,GG,0,0,GG,CC,CC,TT,TT,CC,GG,TT,CC,CC,GG,GG,CC,0
i038_G01_3_M103,53274,10432,19.58,76.6,1.84,AA,0,CC,CC,GG,0,AA,0,GG,CC,0,CC,AA,0,CC,AA,0,GA,AA,CC,GG,0,CC,GG,CC,GG,0,GA,GG,TT,GG,0,0,GG,CC,CC,TT,TT,CC,GG,TT,CC,CC,GG,GG,CC,0
i038_G02_3_M111,44561,8738,19.61,76.6,1.82,AA,0,CC,CC,GG,0,AA,0,GG,CC,0,CC,AA,0,CC,AA,0,GG,AA,CC,GA,0,CG,GG,CC,GG,0,GG,GG,TT,GG,0,0,GG,CC,CC,TT,TT,CC,GG,TT,CC,CC,GG,GG,CC,0
i038_G03_3_M119,37140,7370,19.84,74.47,1.68,AT,0,CC,CC,GG,0,AA,0,GG,CC,0,CC,AA,0,CC,AA,0,GG,AA,CC,GG,0,CG,GG,CC,GG,0,GA,GG,TT,GG,0,0,0,CC,CC,TT,TT,CC,GG,TT,CC,CG,GG,GG,CC,0
i038_G04_3_M127,48229,8432,17.48,72.34,1.86,AA,0,CC,CC,GG,0,AA,0,GA,CC,0,CC,AA,0,CC,AA,0,GG,AA,CC,GG,0,CG,GG,CC,0,0,AA,GG,TC,GG,0,0,0,CC,CC,TT,TT,CC,GG,TT,CC,CC,GG,GC,CC,0
i038_G05_3_M135,42152,7495,17.78,72.34,1.87,AA,0,CC,CC,GG,0,AA,0,GA,CC,0,CC,AA,0,0,AA,0,GG,AA,CC,GA,0,CC,GG,CC,0,0,GA,GG,TT,GG,0,0,GG,CC,CC,TT,TT,CC,GG,TT,CC,CC,GG,GG,CC,0
i038_G06_3_M143,36060,6593,18.28,72.34,1.81,AA,0,CC,CC,GG,AA,AA,0,GG,CC,0,CC,AA,0,CC,AA,0,GG,AA,CC,GG,0,0,GG,CC,0,0,GG,GA,TC,GG,0,0,0,CC,CC,TT,TT,CC,GG,TC,CC,CC,GG,GG,GC,0
i038_G07_3_F103,41827,7900,18.89,74.47,1.53,AA,0,CC,CC,GG,0,AA,0,GG,CC,0,CC,AA,0,CC,AA,0,GG,AA,CC,GG,0,CC,GG,CC,0,0,AA,GG,TC,GG,0,0,GG,CC,CC,TT,TT,CC,GG,TT,CC,CC,GG,GG,CC,0
i038_G08_3_F111,35230,6735,19.12,72.34,2.17,AT,0,CC,CC,GG,AA,AA,0,GA,CC,0,CC,AA,0,CC,0,0,GG,AA,CC,GG,0,CC,GG,CC,0,0,GA,GA,TT,GG,0,0,0,CC,CC,TT,TT,CC,GG,TT,CC,CC,GG,GG,CC,0
i038_G09_3_F119,36761,6699,18.22,74.47,1.83,TT,0,CC,CC,GG,AA,AA,0,GG,CC,0,CC,AA,0,CC,AA,0,GA,AA,CC,GG,0,CG,GG,CC,0,0,GG,GA,TC,GG,0,0,0,CC,CC,TT,TT,CC,GG,TT,CC,CC,GG,GC,CC,0
i038_G10_3_F127,39890,7563,18.96,72.34,2.25,AT,0,CC,CC,GG,AA,AA,0,GG,CC,0,CC,AA,0,CC,AA,0,GG,AA,CC,GG,0,CC,GG,CC,0,0,0,GA,TT,GG,0,0,GG,CC,CC,TT,TT,CC,GG,TT,CC,CC,0,GG,CC,0
i038_G11_3_F135,41598,7529,18.1,72.34,1.51,AT,0,CC,CC,GG,AA,AA,0,GG,CC,0,CC,AA,0,CC,AA,0,GG,AA,CC,GG,0,CC,GG,CT,0,0,0,GA,TT,GG,0,0,0,CC,CC,TT,TT,CC,GG,TT,CC,CC,GG,GC,CC,0
i038_G12_3_F143,39373,7315,18.58,72.34,1.9,AA,0,CC,CC,GG,AA,AA,0,GA,CC,0,CC,AA,0,CC,0,0,GG,AA,CC,GG,0,CC,GG,CC,0,0,GG,GG,TC,GG,0,0,0,CC,CC,TT,TT,CC,GG,TT,CC,CC,GG,GG,CC,0
i038_H01_3_M104,52904,11192,21.16,76.6,1.53,AT,0,CC,CC,GG,AG,AA,0,GG,CC,0,CC,AA,0,CC,AA,0,GG,AA,CC,GA,0,CC,GG,CC,GG,0,AA,GG,TT,GG,0,0,0,CC,CC,TT,TT,CC,GG,TT,CC,CC,GG,GG,CC,0
i038_H02_3_M112,52889,10699,20.23,72.34,1.74,AA,0,CC,CC,GG,0,AA,0,GG,CC,0,CC,AA,0,CC,AA,0,GG,AA,CC,GG,0,CC,GG,CC,0,0,GA,GG,TC,GG,0,0,0,CC,CC,TT,TT,CC,GG,TT,CC,CC,GG,GG,GC,0
i038_H03_3_M120,36826,7646,20.76,72.34,1.68,AA,0,CC,CC,GG,AA,AA,0,GG,CC,0,CC,AA,0,CC,AA,0,GG,AA,CC,GG,0,CG,GG,CC,0,0,GA,GG,TC,GG,0,0,0,CC,CC,TT,TT,CC,GG,TT,CC,CC,GG,GG,0,0
i038_H04_3_M128,50581,10466,20.69,74.47,1.5,AA,0,CC,CC,GG,AA,AA,0,GG,CC,0,CC,AA,0,CC,AA,0,GA,AA,CC,GA,0,CC,GG,CT,0,0,GG,GA,TT,GG,0,0,0,CC,CC,TT,TT,CC,GG,TT,CC,CC,GG,GG,CC,0
i038_H05_3_M136,43120,8532,19.79,74.47,1.53,AT,0,CC,CC,GG,AA,AA,0,GG,CC,0,CC,AA,0,CC,AA,0,GG,AA,CC,GG,0,CG,GG,CC,0,0,GG,GA,TT,GG,0,0,0,CC,CC,TT,TT,CC,GG,TT,CC,CC,GG,GG,CC,0
i038_H06_3_M144,43294,7936,18.33,72.34,1.55,AA,0,CC,CC,GG,AA,AA,0,GG,CC,0,CC,AA,0,0,AA,0,GG,AA,CC,GG,0,CG,GG,CC,0,0,GA,GA,TT,GG,0,0,0,CC,CC,TT,TT,CC,GG,TT,CC,CC,GG,GG,CC,0
i038_H07_3_F104,40992,8424,20.55,72.34,1.83,AA,0,CC,CC,GG,0,AA,0,GA,CC,0,CC,AA,0,CC,AA,0,GG,AA,CC,GA,0,CG,GG,CC,0,0,GG,GG,TC,GG,0,0,0,CC,CC,TT,TT,CC,GG,TT,CC,CC,GG,GG,CC,0
i038_H08_3_F112,50820,10614,20.89,76.6,1.66,AA,0,CC,CC,GG,0,AA,0,GG,CC,0,CC,AA,0,CC,AA,0,GA,AA,CC,GG,0,CC,GG,CC,GG,0,GA,GG,TT,GG,0,0,GG,CC,CC,TT,TT,CC,GG,TT,CC,CC,GG,GG,CC,0
i038_H09_3_F120,61968,13561,21.88,72.34,3.01,AA,0,CC,CC,GG,0,AA,0,GA,CC,0,CC,AA,0,CC,AA,0,GG,AA,CC,GG,0,CG,GG,CT,GG,0,GA,GG,TC,GG,0,0,0,CC,0,TT,TT,CC,GG,TT,CC,CC,GG,GG,CC,0
i038_H10_3_F128,67975,14519,21.36,78.72,1.37,AA,0,CC,CC,GG,AA,AA,0,GA,CC,0,CC,AA,0,CC,AA,0,GG,AA,CC,GA,0,CC,GG,CC,GG,0,GG,GA,TC,GG,0,0,GG,CC,CC,TT,TT,CC,GG,TT,CC,CC,GG,GC,CC,0
i038_H11_3_F136,51436,10458,20.33,76.6,2.64,AA,0,CC,CC,GG,0,AA,0,GG,CC,0,CC,AA,0,CC,AA,0,GA,AA,CC,GG,0,CG,GG,CC,GG,0,AA,GA,TC,GG,0,0,GG,CC,CC,TT,TT,CC,GG,TT,CC,CC,GG,GC,CC,0
i038_H12_3_F144,38854,8556,22.02,74.47,2.37,AA,0,CC,CC,GG,0,AA,0,GG,CC,0,CC,AA,0,CC,AA,0,GG,AA,CC,GG,0,CG,GG,CC,GG,0,GG,GA,TT,GG,0,0,0,CC,CC,TT,TT,CC,GG,TT,CC,CC,GG,GG,CC,0
i039_A01_4_M145,60115,12202,20.3,76.6,2.22,AT,0,CC,CC,GG,0,AA,0,GG,CC,0,CC,AA,0,CC,AA,0,GG,AA,CC,GG,0,CC,GG,CC,GG,0,GA,GA,TT,GG,0,0,GG,CC,CC,TT,TT,CC,GG,TT,CC,CC,GG,GG,CC,0
i039_A02_4_M153,94683,17522,18.51,74.47,1.75,AA,0,CC,CC,GG,0,AA,0,GG,CC,0,CC,AA,0,CC,AA,0,GG,AA,CC,GG,0,CG,GG,CC,GG,0,GA,GG,0,GG,0,0,GG,CC,CC,TT,TT,CC,GG,TT,CC,CC,GG,GC,CC,0
i039_A03_4_M161,86707,16660,19.21,76.6,2.26,AA,0,CC,CC,GG,0,AA,0,GG,CC,0,CC,AA,0,CC,AA,0,GG,AA,CC,GG,0,CG,GG,CC,GG,0,GG,GG,TT,GG,0,0,GG,CC,CC,TT,TT,CC,GG,TT,CC,CC,GG,GG,CC,0
i039_A04_4_F148,108042,20345,18.83,76.6,1.85,AA,0,CC,CC,GG,0,AA,0,GG,CC,0,CC,AA,0,CC,AA,0,GA,AA,CC,GG,0,CC,GG,CC,GG,0,GA,GG,TT,GG,0,0,GG,CC,CC,TT,TT,CC,GG,TT,CC,CC,GG,GG,CC,0
i039_A05_4_F156,92380,17347,18.78,74.47,2.22,AA,0,CC,CC,GG,0,AA,0,GG,CC,0,CC,AA,0,CC,AA,0,GG,AA,CC,GG,0,CG,GG,CC,GG,0,GG,GA,TC,GG,0,0,0,CC,CC,TT,TT,CC,GG,TT,CC,CC,GG,GG,CC,0
i039_B01_4_M146,81351,16493,20.27,76.6,2.29,AA,0,CC,CC,GG,0,AA,0,GG,CC,0,CC,AA,0,CC,AA,0,GA,AA,CC,GG,0,CG,GG,CC,GG,0,GG,GG,TT,GG,0,0,GG,CC,CC,TT,TT,CC,GG,TC,CC,CC,GG,GG,CC,0
i039_B02_4_M154,70378,11585,16.46,74.47,2.14,TT,0,CC,CT,GG,0,AA,0,GG,CC,0,CC,AA,0,CC,AA,0,GA,AA,CC,GG,0,CG,GG,CC,GG,0,0,GA,TT,GG,0,0,GG,CC,CC,TT,TT,CC,GG,TT,CC,CC,GG,GG,CC,0
i039_B03_4_M162,76907,12526,16.29,72.34,2.35,AA,0,CC,0,GG,0,AA,0,GG,CC,0,CC,AA,0,CC,AA,0,GG,AA,CC,GG,0,CC,GG,CC,GG,0,GG,GG,TC,GG,0,0,GG,CC,0,TT,TT,CC,GG,TT,CC,CC,GG,GG,CC,0
i039_B04_4_F149,80560,13871,17.22,74.47,2.14,AT,0,CC,CC,GG,0,AA,0,GG,CC,0,CC,AA,0,CC,AA,0,GA,AA,CC,GG,0,CC,GG,CC,GG,0,AA,GG,TT,GG,0,0,0,CC,CC,TT,TT,CC,GG,TT,CC,CC,GG,CC,CC,0
i039_B05_4_F157,59492,10497,17.64,76.6,2.43,AA,0,CC,CC,GG,0,AA,0,GA,CC,0,CC,AA,0,CC,AA,0,GG,AA,CC,GA,0,CC,GG,CC,GG,0,GG,GA,TC,GG,0,0,GG,CC,CC,TT,TT,CC,GG,TC,CC,CC,GG,GG,CC,0
i039_C01_4_M147,57004,10938,19.19,76.6,2.16,AA,0,CC,CC,GG,AA,AA,0,GG,CC,0,CC,AA,0,CC,AA,0,GG,AA,CC,GG,0,CC,GG,CC,0,0,GG,AA,TC,GG,0,0,GG,CC,CC,TT,TT,CC,GG,TT,CC,CC,GG,GC,CC,0
i039_C02_4_M155,89507,17164,19.18,80.85,1.62,AA,CC,CC,CC,GG,AG,AA,0,GG,CC,0,CC,AA,0,CC,AA,0,GA,AA,CC,GG,0,CG,GG,CC,GG,0,GG,GG,TT,GG,0,0,GG,CC,CC,TT,TT,CC,GG,TT,CC,CC,GG,GG,CC,0
i039_C03_4_M163,83388,16958,20.34,74.47,2.09,AT,0,CC,CC,GG,AA,AA,0,GG,CC,0,CC,AA,0,CC,AA,0,GG,AA,CC,GG,0,0,GG,CC,GG,0,GG,GA,TT,GG,0,0,0,CC,CC,TT,TT,CC,GG,TT,CC,CC,GG,GG,CC,0
i039_C04_4_F150,95723,17932,18.73,76.6,1.92,AA,0,CC,CC,GG,0,AA,0,GA,CC,0,CC,AA,0,CC,AA,0,GG,AA,CC,GG,0,CG,GG,CC,GG,0,GA,GG,CC,GG,0,0,GG,CC,CC,TT,TT,CC,GG,TT,CC,CC,GG,GG,CC,0
i039_C05_4_F158,77937,13536,17.37,78.72,2.47,AA,0,CC,CC,GG,AA,AA,0,GG,CC,0,CC,AA,0,CC,AA,0,GG,AA,CC,GG,0,CG,GG,CC,GG,0,GA,GA,TT,GG,0,0,GG,CC,CC,TT,TT,CC,GG,TT,CC,CC,GG,GG,CC,0
i039_D01_4_M148,47854,9727,20.33,74.47,1.42,AT,0,CC,CC,GG,0,AA,0,GG,CC,0,CC,AA,0,CC,AA,0,GG,AA,CC,GG,0,CG,GG,CC,GG,0,AA,GG,TT,GG,0,0,0,CC,CC,TT,TT,CC,GG,TT,CC,CC,GG,GC,CC,0
i039_D02_4_M156,88832,16628,18.72,76.6,1.91,AA,0,CC,CC,GG,0,AA,0,GG,CC,0,CC,AA,0,CC,AA,0,GG,AA,CC,GG,0,CC,GG,CC,GG,0,GA,GA,TT,GG,0,0,GG,CC,CC,TT,TT,CC,GG,TT,CC,CC,GG,GC,CC,0
i039_D03_4_M164,91923,15764,17.15,74.47,2.14,AA,0,CC,CC,GG,0,AA,0,GG,CC,0,CC,AA,0,CC,AA,0,GG,AA,CC,GG,0,0,GG,CC,GG,0,AA,GG,TT,GG,0,0,GG,CC,CC,TT,TT,CC,GG,TC,CC,CC,GG,GC,CC,0
i039_D04_4_F151,72529,13330,18.38,76.6,2.57,AT,0,CC,CC,GG,AA,AA,0,GG,CC,0,CC,AA,0,CC,AA,0,GG,AA,CC,GG,0,CG,GG,CC,GG,0,GG,GA,TT,GG,0,0,0,CC,CC,TT,TA,CC,GG,TT,CC,CC,GG,GG,CC,0
i039_D05_4_F159,87146,17128,19.65,76.6,1.57,AA,0,CC,CC,GG,0,AA,0,GG,CC,0,CC,AA,0,CC,AA,0,GG,AA,CC,GA,0,CG,GG,CC,GG,0,GG,GG,TT,GG,0,0,GG,CC,CC,TT,TT,CC,GG,TT,CC,CC,GG,GC,CC,0
i039_E01_4_M149,29506,5494,18.62,19.15,3.43,0,0,CC,0,0,AA,0,0,0,0,0,CC,0,0,0,0,0,0,AA,0,0,0,0,0,0,0,0,0,0,0,0,0,0,0,0,CC,TT,0,0,GG,TT,0,0,GG,0,0,0
i039_E02_4_M157,53349,9013,16.89,57.45,3.54,AA,0,CC,CC,0,0,0,0,0,CC,0,CC,AA,0,0,0,0,GG,AA,CC,GA,0,CC,GG,0,0,0,0,0,TC,GG,0,0,GG,CC,CC,TT,TT,CC,GG,TT,CC,CC,GG,GG,CC,0
i039_E03_4_M165,72652,11420,15.72,70.21,3.26,AA,0,CC,0,GG,0,AA,0,GG,CC,0,CC,AA,0,CC,AA,0,GG,AA,CC,GG,0,CG,GG,CC,0,0,0,GG,TT,GG,0,0,GG,CC,CC,TT,TT,CC,GG,TT,CC,CC,GG,GG,CC,0
i039_E04_4_F152,63549,10807,17.01,68.09,3.73,AA,0,CC,CC,GG,0,AA,0,GG,CC,0,CC,AA,0,CC,0,0,0,AA,CC,GG,0,CG,GA,CT,0,0,GG,GG,TC,GG,0,0,GG,CC,0,TT,TT,CC,GG,TT,CC,CC,GG,GG,CC,0
i039_E05_4_F160,46865,8444,18.02,57.45,4.01,0,0,CC,CC,0,0,0,0,GG,CC,0,CC,AA,0,0,0,0,GG,AA,0,GG,0,GG,GG,CC,0,0,0,GG,TC,GG,0,0,GG,CC,CC,TT,TT,CC,GG,TC,CC,CC,GG,GG,0,0
i039_F01_4_M150,46400,8794,18.95,74.47,2.14,AT,0,CC,CT,GG,0,AA,0,GG,CC,0,CC,AA,0,CC,AA,0,GG,AA,CC,GG,0,CC,GG,CC,0,0,GA,GG,TC,GG,0,0,GG,CC,CC,TT,TT,CC,GG,TT,CC,CC,GG,GG,CC,0
i039_F02_4_M158,80798,13781,17.06,74.47,1.83,AT,0,CC,CC,GG,0,AA,0,GG,CC,0,CC,AA,0,CC,AA,0,GA,AA,CC,GG,0,CC,GG,CC,GG,0,AA,GG,TC,GG,0,0,0,CC,CC,TT,TT,CC,GG,TT,CC,CC,GG,GC,CC,0
i039_F03_4_F145,58723,11316,19.27,76.6,2.32,AA,0,CC,CC,GG,0,AA,0,GG,CC,0,CC,AA,0,CC,AA,0,GA,AA,CC,GG,0,CC,GG,CC,GG,0,GG,GA,TC,GG,0,0,GG,CC,CC,TT,TT,CC,GG,TT,CC,CC,GG,GG,CC,0
i039_F04_4_F153,60610,10309,17.01,74.47,3.02,AA,0,CC,CC,GG,AA,AA,0,GG,CC,0,CC,AA,0,CC,0,0,GG,AA,CC,GG,0,CC,GG,CT,0,0,GG,GA,TC,GG,0,0,GG,CC,CC,TT,TT,CC,GG,TT,CC,CC,GG,GC,CC,0
i039_F05_4_F161,66967,12389,18.5,72.34,2.23,AA,0,CC,CC,GG,AA,AA,0,0,CC,0,CC,AA,0,CC,AA,0,GG,AA,CC,GG,0,CC,GG,CC,GG,0,GG,GA,0,GG,0,0,0,CC,CC,TT,TA,CC,GG,TT,CC,CC,GG,GG,CC,0
i039_G01_4_M151,48148,10331,21.46,78.72,1.43,AA,0,CC,CC,GG,AG,AA,0,GG,CC,0,CC,AA,0,CC,AA,0,GG,AA,CC,GG,0,CC,GA,CC,GG,0,GA,GG,CC,GG,0,0,GG,CC,CC,TT,TT,CC,GG,TT,CC,CC,GG,GG,CC,0
i039_G02_4_M159,57375,9296,16.2,72.34,2.05,AT,0,CC,0,GG,0,AA,0,GA,CC,0,CC,AA,0,CC,AA,0,GG,AA,CC,GG,0,CG,GG,CT,GG,0,GA,GG,TC,GG,0,0,0,CC,CC,TT,TT,CC,GG,TT,CC,CC,GG,CC,CC,0
i039_G03_4_F146,68258,12628,18.5,78.72,2.2,AA,0,CC,CC,GG,AA,AA,0,GG,CC,0,CC,AA,0,CC,AA,0,GA,AA,CC,GG,0,CC,GA,CC,GG,0,GG,GG,TT,GG,0,0,GG,CC,CC,TT,TT,CC,GG,TT,CC,CC,GG,GG,CC,0
i039_G04_4_F154,80022,16006,20,72.34,2.22,AA,0,CC,CT,GG,0,AA,0,GA,CC,0,CC,AA,0,CC,AA,0,GA,AA,CC,GA,0,0,GG,CT,GG,0,GA,GG,TC,GG,0,0,0,CC,CC,TT,TT,CC,GG,TT,CC,CC,GG,GC,CC,0
i039_G05_4_F162,90944,17639,19.4,78.72,1.99,AA,0,CC,CC,GG,AA,AA,0,GG,CC,0,CC,AA,0,CC,AA,0,GA,AA,CC,GA,0,CG,GG,CC,GG,0,GA,GA,TC,GG,0,0,GG,CC,CC,TT,TT,CC,GG,TT,CC,CC,GG,GG,CC,0
i039_H01_4_M152,56066,12613,22.5,76.6,1.97,AA,0,CC,CT,GG,0,AA,0,GG,CC,0,CC,AA,0,CC,AA,0,GG,AA,CC,GG,0,CC,GG,CC,GG,0,GA,GG,TT,GG,0,0,GG,CC,CC,TT,TA,CC,GG,TT,CC,CC,GG,GG,CC,0
i039_H02_4_M160,87036,16972,19.5,78.72,2.29,AA,0,CC,CC,GG,AA,AA,0,GG,CC,0,CC,AA,0,CC,AA,0,GG,AA,CC,GG,0,CG,GG,CT,GG,0,GG,GA,TT,GG,0,0,GG,CC,CC,TT,TT,CC,GG,TT,CC,CC,GG,GC,CC,0
i039_H03_4_F147,95770,19538,20.4,74.47,2.58,AA,0,CC,CC,GG,0,AA,0,GG,CC,0,CC,AA,0,CC,AA,0,GG,AA,CC,GG,0,CC,GG,CC,GG,0,GG,GA,TC,GG,0,0,GG,CC,0,TT,TT,CC,GG,TT,CC,CC,GG,GC,GC,0
i039_H04_4_F155,84141,17103,20.33,76.6,2.03,AA,CC,CC,CC,GG,0,AA,0,GG,CC,0,CC,AA,0,CC,AA,0,GA,AA,CC,GG,0,CG,GG,CC,GG,0,GA,GG,TC,GG,0,0,0,CC,CC,TT,TT,CC,GG,TT,CC,CC,GG,GG,CC,0
i039_H05_4_F163,103820,20683,19.92,78.72,1.52,AA,CC,CC,CC,GG,AA,AA,0,GG,CC,0,CC,AA,0,CC,AA,0,GG,AA,CC,GG,0,CC,GG,CC,GG,0,GG,GG,TC,GG,0,0,0,CC,CC,TT,TT,CC,GG,TT,CC,CC,GG,GC,CC,0
